station_key,station_name,operator,energy_consumed_kwh_sum,energy_consumed_kwh_mean,charging_duration_hours_mean,charging_rate_kw_mean,sessions_count,popular_vehicle_model,peak_time_of_day,peak_day_of_week,latitude,longitude,city,state,address,charging_types,amenities,stations_within_2km,energy_consumed_kwh,charging_duration_hours,state_of_charge_start_,state_of_charge_end_,avg_soc_delta,weekend_share,sessions_count_norm,energy_consumed_kwh_mean_norm,charging_duration_hours_mean_norm,avg_soc_delta_norm,weekend_share_norm,stations_within_2km_norm,suitability_score
ather grid bandra west,Ather Grid - Bandra West,Ather,41.15701391,41.15701391,0.89,46.12968887,1,TATA Tiago,Morning,Friday,19.0618,72.833,Mumbai,Maharashtra,"Linking Road, Opp National College, Bandra West, Mumbai",DC 25kW,Street Parking,2,41.15701391,0.89,31.46784538,77.45210904,45.984263659999996,0.0,0.0,0.3093416241495233,0.04774678111587983,0.7515807656230833,0.0,0.15384615384615385,0.3217702759155082
ather grid hiranandani,Ather Grid - Hiranandani,Ather,213.12059449,71.04019816333333,4.036666666666666,18.24725944,3,TATA Tiago,Evening,Friday,19.1206,72.9188,Mumbai,Maharashtra,"Hiranandani Gardens, Powai, Mumbai",DC Fast 25kW,Parking,5,71.04019816333333,4.036666666666666,44.698859260000006,79.01310755333334,34.314248293333335,0.3333333333333333,0.20000000000000004,0.5748284391718446,0.21655937052932758,0.6750798119768785,0.3333333333333333,0.38461538461538464,0.42893271095011803
ather grid sewri,Ather Grid - Sewri,Ather,21.13404478,21.13404478,0.65,32.2920457,1,Hyundai Kona,Night,Sunday,18.9959,72.8532,Mumbai,Maharashtra,"Next to VRL Logistics, Ashok Gardens, PDâ€™Mello Rd, Sewri West, Mumbai 400033",DC Fast 25kW,"Parking, App Connect",3,21.13404478,0.65,44.71421516,79.20117924,34.48696408,1.0,0.0,0.1314544801106145,0.03487124463519314,0.6762120232015093,1.0,0.23076923076923078,0.2531671633560147
atum charge borivali,ATUM Charge - Borivali,ATUM,110.37153299,55.185766495,2.51,30.206715,2,TATA Curvv,Afternoon,Friday,19.2298,72.8606,Mumbai,Maharashtra,"Borivali West, Mumbai","AC 7.4kW, DC 25kW",Parking,3,55.185766494999996,2.51,63.033723045,62.582634305,-0.451088740000003,0.0,0.1,0.43397522446982256,0.13465665236051502,0.44718110290762164,0.0,0.23076923076923078,0.3394212521742658
atum charge ghatkopar,ATUM Charge - Ghatkopar,ATUM,48.50288659,48.50288659,1.11,43.60970746,1,Hyundai Kona,Night,Monday,19.0852,72.9114,Mumbai,Maharashtra,"Ghatkopar East, Mumbai","AC 7.4kW, DC 25kW",Parking,3,48.50288659,1.11,28.20893507,64.31222001,36.10328494000001,0.0,0.0,0.3746034893122074,0.059549356223175975,0.6868075608510517,0.0,0.23076923076923078,0.31801155746264254
atum charge malad,ATUM Charge (Malad),ATUM,53.9569817,53.9569817,3.02,17.87474459,1,TATA Tiago,Night,Monday,19.1876,72.8436,Mumbai,Maharashtra,"95, Malad, Viaykar Vadi, Malad West, Mumbai 400064","AC 7.4kW, DC 25kW",Parking,5,53.9569817,3.02,89.97564875,95.03577021,5.060121459999991,0.0,0.0,0.4230585109493744,0.16201716738197425,0.4833089761620951,0.0,0.38461538461538464,0.2867703832075476
atum charge mulund,ATUM Charge - Mulund,ATUM,60.71234573,60.71234573,1.67,36.38918057,1,TATA Tiago,Evening,Tuesday,19.1721,72.9568,Mumbai,Maharashtra,"Mulund West, Mumbai","AC 7.4kW, DC 25kW",Parking,4,60.71234573,1.67,29.37157598,86.11996244,56.74838645999999,0.0,0.0,0.48307420624600267,0.08959227467811158,0.8221432827656863,0.0,0.3076923076923077,0.3568954252903186
atum charge panvel,ATUM Charge - Panvel,ATUM,60.58245969,30.291229845,3.33,15.9409022035,2,MG Comet,Night,Saturday,18.9897,73.1145,Mumbai,Maharashtra,"Opp Panvel Station, Raigad","AC 7.4kW, DC 25kW",Parking,4,30.291229845,3.3299999999999996,49.92221438,86.198398545,36.276184165000004,1.0,0.1,0.2128083236925828,0.1786480686695279,0.6879409745768784,1.0,0.3076923076923077,0.31310418782278404
atum charge santacruz,ATUM Charge - Santacruz,ATUM,139.30529151000002,46.435097170000006,3.456666666666667,24.03322546133333,3,TATA Tiago,Evening,Monday,19.0815,72.8367,Mumbai,Maharashtra,"Santacruz West, Next to Railway Station, Mumbai","AC 7.4kW, DC 25kW",Parking,2,46.435097170000006,3.456666666666667,40.90018004666667,77.96387462333333,37.063694576666656,0.0,0.20000000000000004,0.35623292938128515,0.18544349070100144,0.693103375448337,0.0,0.15384615384615385,0.4084911646557489
blue tokai coffee,Blue Tokai Coffee,0,158.028401,39.50710025,1.7875,28.6957024825,4,TATA Tiago,Afternoon,Sunday,18.989356,72.825234,Mumbai,Maharashtra,"Unit 20-22, Laxmi Woollen Mill, Opposite Blue Loft, Dr E Moses Marg, Off, Shakti Mills Ln, Mahalakshmi, Mumbai",0,0,6,39.50710025,1.7875,70.5447491325,67.119852795,-3.4248963375000017,0.75,0.30000000000000004,0.2946835368807156,0.09589592274678112,0.42768677406390043,0.75,0.46153846153846156,0.33318272337367283
bmc parking runwal greens,BMC Parking Runwal Greens,0,61.9271036,61.9271036,2.45,25.27459826,1,TATA Curvv,Morning,Wednesday,19.1593952,72.945112,Mumbai,Maharashtra,"Nahur West, Industrial Area, Bhandup West, Mumbai, Maharashtra",0,0,6,61.9271036,2.45,73.65740812,93.02610697,19.36869885,0.0,0.0,0.4938663024026773,0.13143776824034337,0.5771066089211841,0.0,0.46153846153846156,0.303945574532112
brookfield powai,"Brookfield, Powai",0,153.90313752,38.47578438,1.4925000000000002,34.5233684075,4,TATA Curvv,Morning,Monday,19.11637,72.91086,Mumbai,Maharashtra,"Spectra, High St, Hiranandani Gardens, Powai, Mumbai, Maharashtra 400076",0,0,3,38.47578438,1.4925000000000002,48.120941095,75.065888815,26.944947719999995,0.25,0.30000000000000004,0.28552116772731007,0.0800697424892704,0.6267715189838974,0.25,0.23076923076923078,0.39378760941295454
carnival cinemas imax,Carnival Cinemas Imax,0,151.94777409,75.973887045,2.585,30.55610718,2,TATA Tiago,Morning,Monday,19.0313299,72.8809653,Mumbai,Maharashtra,"Carnival Cinemas Imax, Anik Wadala Link Rd, Bhakti Park, Wadala, Mumbai, Maharashtra ,Worli",0,0,4,75.973887045,2.585,69.46636473,65.987818055,-3.47854667499999,0.5,0.1,0.6186600916624461,0.13868025751072963,0.4273350776990513,0.5,0.3076923076923077,0.37147946416769606
charge zone,Charge Zone,0,166.67944262,55.559814206666665,2.69,23.27728070333333,3,TATA Tiago,Evening,Monday,19.133659,72.900817,Mumbai,Maharashtra,"MH | Mumbai | The Westin Mumbai Powai Lake,The Westin Mumbai Powai Lake Kailash Nagar, Morarji Nagar, Powai, Mumbai, Maharashtra 400076",0,0,2,55.559814206666665,2.69,25.00216745,76.29030722666666,51.288139776666654,0.3333333333333333,0.20000000000000004,0.4372983219950032,0.14431330472103004,0.7863494928438963,0.3333333333333333,0.15384615384615385,0.4386314118205151
chargeanddrive juhu,ChargeAndDrive - Juhu,Fortum,135.88154577,45.29384859,1.12,38.448172,3,MG Comet,Evening,Thursday,19.0977,72.8271,Mumbai,Maharashtra,"Juhu Tara Rd, Near Juhu Beach, Mumbai","AC 22kW, DC 60kW","Parking, RFID",2,45.29384859,1.1199999999999999,43.21407588333333,68.59294307,25.378867186666675,0.3333333333333333,0.20000000000000004,0.34609390108749977,0.06008583690987125,0.6165053239085282,0.3333333333333333,0.15384615384615385,0.3819309344722182
chargezone ambernath,ChargeZone - Ambernath,ChargeZone,36.86213999,36.86213999,1.41,26.18518786,1,MG Comet,Evening,Friday,19.186,73.1891,Mumbai,Maharashtra,"Ambernath Station, Thane","AC 22kW, DC 50kW","Parking, UPI",0,36.86213999,1.41,60.75178076,70.7960969,10.044316139999992,0.0,0.0,0.2711853022436326,0.07564377682403434,0.5159820819120193,0.0,0.0,0.3027580155301145
chargezone chembur,ChargeZone - Chembur,ChargeZone,78.64289917,78.64289917,2.26,34.823951,1,TATA Tiago,Afternoon,Wednesday,19.0549,72.9038,Mumbai,Maharashtra,"Chembur Station East, Mumbai","AC 22kW, DC 50kW","Parking, Mall Access",4,78.64289917,2.26,74.34868091,50.72443431,-23.6242466,0.0,0.0,0.6423720067754806,0.12124463519313304,0.2952731045387722,0.0,0.3076923076923077,0.32085458474015316
chargezone dahisar,ChargeZone - Dahisar,ChargeZone,124.873987465,41.624662488333335,1.2933333333333332,37.65392366,3,TATA Nexon,Afternoon,Sunday,19.2505,72.8591,Mumbai,Maharashtra,"Dahisar East Station, Mumbai","AC 22kW, DC 50kW","Parking, Mall Access",4,41.624662488333335,1.2933333333333332,64.69776136,81.19510066333333,16.497339303333334,0.3333333333333333,0.20000000000000004,0.313496286201563,0.06938483547925607,0.5582838621912561,0.3333333333333333,0.3076923076923077,0.34290128827315863
chargezone mulund,ChargeZone - Mulund,ChargeZone,68.56767861,68.56767861,4.16,16.475471,1,TATA Curvv,Afternoon,Saturday,19.1726,72.9532,Mumbai,Maharashtra,"LBS Marg, Near Mulund Station, Mulund West, Mumbai","AC 22kW, DC 50kW",Parking,5,68.56767861,4.16,68.27370384,93.5739471,25.300243260000002,1.0,0.0,0.5528621943523468,0.22317596566523606,0.6159899171005312,1.0,0.38461538461538464,0.3452393250273823
chargezone vashi,ChargeZone - Vashi,ChargeZone,11.48343149,11.48343149,0.53,21.47990189,1,MG Comet,Night,Friday,19.0708,72.9991,Mumbai,Maharashtra,"Vashi Station East, Navi Mumbai","AC 22kW, DC 50kW",Parking,0,11.48343149,0.53,35.53501681,91.07521077,55.540193959999996,0.0,0.0,0.04571694412201273,0.028433476394849787,0.8142231665075539,0.0,0.0,0.28640605864612123
chargezone versova,ChargeZone - Versova,ChargeZone,72.65221058,36.32610529,1.86,25.747189944,2,TATA Tiago,Afternoon,Monday,19.137,72.8261,Mumbai,Maharashtra,"Versova Metro Station, Andheri West, Mumbai","AC 22kW, DC 50kW",Parking,4,36.32610529,1.8599999999999999,19.396232075,64.536192995,45.13996091999999,0.5,0.1,0.2664230873458487,0.09978540772532189,0.7460460715591326,0.5,0.3076923076923077,0.3273373771890181
dock malad,EV Dock - Malad,EV Dock,79.00225971,79.00225971,2.93,26.97742286,1,Hyundai Kona,Night,Friday,19.1787,72.8446,Mumbai,Maharashtra,"G-603/604, Vasari Hill Rd, Malad, Sunder Nagar, Goregaon West, Mumbai","AC 11kW, DC 60kW","RFID, UPI, Parking",6,79.00225971,2.93,22.53375157,93.2978301,70.76407853,0.0,0.0,0.6455646212037325,0.15718884120171675,0.9140209517899398,0.0,0.46153846153846156,0.3949824129588265
dock mira road,EV Dock - Mira Road,EV Dock,42.74479257,42.74479257,1.06,40.2059876,1,MG Comet,Evening,Saturday,19.291,72.8511,Mumbai,Maharashtra,"Mira Road East, Thane","AC 11kW, DC 60kW",Parking,0,42.74479257,1.06,19.56303216,67.79633548,48.23330332,1.0,0.0,0.32344769450100497,0.056866952789699575,0.7663239920347278,1.0,0.0,0.3514972177094303
evershine mall,Evershine Mall Charging Station,0,113.69810206,56.84905103,1.495,38.77764658,2,TATA Curvv,Evening,Wednesday,19.1798,72.8361,Mumbai,Maharashtra,"Chincholi Bunder Road, New Link Rd, Malad West, Mumbai, Maharashtra 400064",0,0,5,56.84905103,1.495,38.10708089,77.368930295,39.261849405,0.5,0.1,0.44875210065308185,0.08020386266094422,0.7075130343344626,0.5,0.38461538461538464,0.3536430588872266
evteq borivali,EVteQ - Borivali,EVteQ,27.60438468,27.60438468,2.46,11.23853863,1,TATA Nexon,Morning,Wednesday,19.2365,72.8552,Mumbai,Maharashtra,"Borivali East, Mumbai","AC 7.4kW, DC 15kW",Parking,4,27.60438468,2.46,65.48688658,65.35209627,-0.13479030999999964,0.0,0.0,0.18893797710345028,0.13197424892703863,0.44925454760940947,0.0,0.3076923076923077,0.23166625515613168
evteq kandivali,EVteQ - Kandivali,EVteQ,78.69341922,78.69341922,2.15,36.56255637,1,TATA Tiago,Evening,Tuesday,19.2104,72.8572,Mumbai,Maharashtra,"Kandivali East, Next to Railway Station, Mumbai","AC 7.4kW, DC 15kW",Parking,1,78.69341922,2.15,38.19062073,82.43448923,44.2438685,0.0,0.0,0.6428208346867086,0.11534334763948498,0.740171878378467,0.0,0.07692307692307693,0.42172686365393414
evteq malad,EVteQ - Malad,EVteQ,90.23550358,90.23550358,18.64,4.841450613,1,TATA Curvv,Afternoon,Saturday,19.1851,72.8388,Mumbai,Maharashtra,"Malad West, Mumbai","AC 7.4kW, DC 15kW",Parking,4,90.23550358,18.64,70.55201083,50.51807735,-20.03393348,1.0,0.0,0.7453624912075842,1.0,0.31880883854928643,1.0,0.3076923076923077,0.43800810243044286
evteq sakinaka,EVteQ - Sakinaka,EVteQ,139.667496744,34.916874186,1.4225,31.828351105,4,TATA Curvv,Afternoon,Saturday,19.102,72.8872,Mumbai,Maharashtra,"Sakinaka Junction, Andheri East, Mumbai","AC 7.4kW, DC 15kW",Parking,3,34.916874186,1.4224999999999999,30.483462315,74.5707128325,44.08725051750001,0.5,0.30000000000000004,0.25390326100272337,0.07631437768240344,0.739145193781837,0.5,0.23076923076923078,0.40236364747081205
evteq vikhroli,EVteQ - Vikhroli,EVteQ,33.47231506,33.47231506,0.77,43.48176399,1,TATA Tiago,Afternoon,Wednesday,19.0984,72.9262,Mumbai,Maharashtra,"Vikhroli East, Mumbai","AC 7.4kW, DC 15kW",Parking,2,33.47231506,0.77,76.46236262,81.41249705,4.950134430000006,0.0,0.0,0.24106957506678134,0.04130901287553648,0.48258797345392845,0.0,0.15384615384615385,0.2637095679954151
fortum lower parel,Fortum - Lower Parel,Fortum,125.889893075,41.96329769166667,1.1733333333333331,31.34531767,3,TATA Tiago,Evening,Wednesday,19.0012,72.8281,Mumbai,Maharashtra,"World Trade Centre One, Lower Parel, Mumbai","AC 22kW, DC 50kW",Office Parking,13,41.96329769166667,1.1733333333333333,62.80584145333333,64.0984427,1.2926012466666776,0.0,0.20000000000000004,0.3165047735443191,0.06294706723891272,0.45861158887119247,0.0,1.0,0.22421263844064993
fortum powai plaza,Fortum - Powai Plaza,Fortum,72.753281236,36.376640618,1.185,24.24534707,2,TATA Tiago,Evening,Monday,19.1182,72.9053,Mumbai,Maharashtra,"Powai Plaza Mall Parking, Powai, Mumbai","AC 22kW, DC 50kW",Mall Parking,5,36.376640618,1.185,62.791704395,67.866281765,5.07457737,0.0,0.1,0.2668720509891837,0.06357296137339057,0.4834037396106492,0.0,0.38461538461538464,0.2728935621339247
ginger mumbai andheri east,"Ginger Mumbai, Andheri East",0,20.46478094,20.46478094,1.1,18.59949061,1,TATA Curvv,Morning,Wednesday,19.11599,72.85018,Mumbai,Maharashtra,"Teli - Gali Road, Andheri (East), Mumbai - 400069",0,0,2,20.46478094,1.1,18.13415171,56.11481332,37.98066161,0.0,0.0,0.1255086369974801,0.05901287553648069,0.6991144088795782,0.0,0.15384615384615385,0.2690686850580317
godrej one vikhroli,"Godrej One, Vikhroli",0,39.73385255,39.73385255,1.86,21.39560578,1,TATA Curvv,Morning,Tuesday,19.0925655,72.9223514,Mumbai,Maharashtra,"4 Wheeler Parking area Godrej One Pirojshanagar, Eastern Express Highway, Vikhroli u00e2u0080u0093 East, Mumbai u00e2u0080u0093 400079",0,0,5,39.73385255,1.86,55.863615,85.12226222,29.258647219999993,0.0,0.0,0.2966980392649209,0.09978540772532189,0.6419386128256345,0.0,0.38461538461538464,0.2727515348202999
hare krishna mahindra mulund west,"Hare Krishna Mahindra, Mulund West",0,131.29581545,65.647907725,3.115,29.023056565,2,TATA Nexon,Morning,Friday,19.163979,72.938751,Mumbai,Maharashtra,"Building, Plot 1, Udyog Kshtra, Mulund Goregaon Link Rd, near D Mart Mulund, Salpa Devi Pada, Mulund West, Mumbai, Maharashtra 400080",0,0,5,65.647907725,3.115,56.199107240000004,58.301172905,2.102065664999998,0.0,0.1,0.5269224997641743,0.1671137339055794,0.46391790578676795,0.0,0.38461538461538464,0.345337376507309
hotel redwings castle,HOTEL REDWINGS CASTLE,0,84.94649049,42.473245245,2.78,17.392143035,2,TATA Nexon,Morning,Thursday,18.99453515,73.11513242,Mumbai,Maharashtra,"Near to Orion Mall/ New Panvel Bridge, Old, Mumbai - Pune Expy,",0,0,4,42.473245245,2.7800000000000002,75.106743725,72.21987093999999,-2.8868727850000084,0.0,0.1,0.32103522621011193,0.14914163090128754,0.43121370299733897,0.0,0.3076923076923077,0.2987011789384114
hotel suba galaxy andheri east,"Hotel Suba Galaxy, Andheri East",0,47.31460938,47.31460938,4.66,10.16337295,1,TATA Nexon,Afternoon,Sunday,19.1142415,72.8518766,Mumbai,Maharashtra,"NS Phadake Marg, Opp Teli galli,Near Eastern expres Highway, Andheri East Mumbai 400069u00c2u00a0",0,0,3,47.31460938,4.66,40.48798797,98.82353364,58.335545669999995,1.0,0.0,0.36404665142063225,0.25,0.8325476557967767,1.0,0.23076923076923078,0.3562784266092899
hotel yogi midtown,Hotel Yogi Midtown,0,65.04979561,65.04979561,2.88,22.55945181,1,TATA Nexon,Night,Saturday,19.0640261,73.01971543,Mumbai,Maharashtra,"Plot No DX 12,Thane - Belapur Road D' Zone Bonsari, Village, TTC Industrial Area, Turbhe, Navi Mumbai, Maharashtra ,Thane",0,0,3,65.04979561,2.88,83.58728192,80.04211898,-3.5451629399999973,1.0,0.0,0.5216087795430804,0.15450643776824033,0.4268983852320127,1.0,0.23076923076923078,0.3252722118320114
hp super service,HP Super Service DC Charging Station,0,100.649668536,33.549889512,3.39,22.211559509,3,TATA Nexon,Morning,Sunday,18.9285,72.8255,Mumbai,Maharashtra,"157, Jeevan Bima Marg, Backbay Reclamation, Churchgate, Mumbai, Maharashtra 400020, India",0,0,4,33.549889512,3.39,39.09737056,77.36795881333335,38.270588253333344,0.6666666666666666,0.20000000000000004,0.24175875845547212,0.18186695278969958,0.7010149774740118,0.6666666666666666,0.3076923076923077,0.35762478536009357
inderjit cars andheri west,"Inderjit Cars, Andheri West",0,102.015604388,34.00520146266667,5.11,6.8733339996666665,3,Hyundai Kona,Night,Friday,19.14207,72.83241,Mumbai,Maharashtra,"1059/1060, Adarsh nagar, near infinity mall, Off New Link Road, Andheri West, Mumbai, Maharashtra 400053",0,0,4,34.00520146266667,5.11,29.48259781666667,68.16925771333332,38.686659896666654,0.0,0.20000000000000004,0.24580382000578566,0.27414163090128757,0.7037424698122874,0.0,0.3076923076923077,0.36827264240957214
iocl coco prabhadevi,"IOCL - COCO, Prabhadevi",0,12.92754529,12.92754529,0.53,24.21115012,1,TATA Tiago,Afternoon,Monday,19.018857,72.831076,Mumbai,Maharashtra,"Plot No, P. N. 1207, CADELL RD. MUMBAI, PRABHADEVI CADEL RD., MUMBAI - 400022",0,0,10,12.92754529,0.53,71.68354384,63.70663794,-7.976905899999998,0.0,0.0,0.05854667371312937,0.028433476394849787,0.3978467900024776,0.0,0.7692307692307693,0.11177241918352357
iocl kini causway bandra,"IOCL Kini Causway, Bandra",0,128.1089633,42.702987766666666,4.03,16.619142095,3,TATA Curvv,Morning,Saturday,19.051601,72.838011,Mumbai,Maharashtra,"36, SV Rd, Santosh Nagar, Bandra West, Mumbai, Maharashtra 400050",0,0,2,42.702987766666666,4.03,52.72851018,65.14449255,12.415982369999995,0.6666666666666666,0.20000000000000004,0.3230762941845088,0.21620171673819744,0.5315291675520036,0.6666666666666666,0.15384615384615385,0.3790416972758244
jio bp pulse bhandup,Jio-bp Pulse - Bhandup,Jio-bp Pulse,12.35040612,12.35040612,0.28,44.04764539,1,TATA Curvv,Night,Wednesday,19.1485,72.9358,Mumbai,Maharashtra,"Neptune Magnet Mall, LBS Marg, Bhandup West, Mumbai","AC 22kW, DC 60kW",Mall Parking,4,12.35040612,0.28,47.07173173,68.83315695,21.76142522,0.0,0.0,0.05341928036813018,0.015021459227467813,0.5927917510026813,0.0,0.3076923076923077,0.20762188251133537
jio bp pulse goregaon west,Jio-bp Pulse - Goregaon West,Jio-bp Pulse,42.51736092,42.51736092,1.07,39.91263736,1,TATA Curvv,Morning,Saturday,19.1643,72.8346,Mumbai,Maharashtra,"Inorbit Mall, Goregaon West, Mumbai","AC 22kW, DC 60kW",Mall Parking,3,42.51736092,1.07,88.94643474,63.74334492,-25.203089820000002,1.0,0.0,0.3214271566666865,0.05740343347639486,0.2849232456745893,1.0,0.23076923076923078,0.24422023475011487
jio bp pulse kolshet,Jio-bp Pulse - Kolshet,Jio-bp Pulse,54.46660949,27.233304745,0.71,38.999552005,2,MG Comet,Afternoon,Wednesday,19.2587,72.9773,Mumbai,Maharashtra,"Kolshet Road, Thane West","AC 22kW, DC 60kW",Street Parking,0,27.233304744999998,0.71,78.05533026500001,69.46884659,-8.58648367500001,0.5,0.1,0.18564124576362162,0.038090128755364806,0.39385079859682504,0.5,0.0,0.29429694410596563
jio bp pulse napean sea road,Jio-bp Pulse - Napean Sea Road,Jio-bp Pulse,84.93855993,42.469279965,1.535,27.652705685,2,Hyundai Kona,Morning,Saturday,18.9636,72.8019,Mumbai,Maharashtra,"Priyadarshini Park, Mumbai","AC 22kW, DC 60kW",Public Parking,3,42.469279965,1.5350000000000001,51.869309295,81.437409605,29.56810031,0.5,0.1,0.32099999805139406,0.08234978540772532,0.6439671839757106,0.5,0.23076923076923078,0.335464671034593
k star chembur,K Star Chembur,0,124.36360917,62.181804585,3.39,19.337245175,2,TATA Tiago,Afternoon,Wednesday,19.05231631,72.90163581,Mumbai,Maharashtra,"VN Purav Marg Diamond Garden, Basant Garden, Chembur Mumbai, Maharashtra,Chembur",0,0,4,62.181804584999995,3.3899999999999997,51.841862355,97.46916655,45.627304194999994,0.0,0.1,0.4961291052123597,0.18186695278969958,0.7492407738897786,0.0,0.3076923076923077,0.3934512415116804
kabra metro one,Kabra Metro One,0,55.30273056,55.30273056,1.48,37.34746081,1,TATA Tiago,Morning,Thursday,19.13030121,72.82229723,Mumbai,Maharashtra,"14, JP Rd, Aram Nagar, Seven Bunglow, Andheri West",0,0,3,55.30273056,1.48,71.91664638,88.37524194,16.458595559999992,0.0,0.0,0.435014351251817,0.07939914163090128,0.5580298836642621,0.0,0.23076923076923078,0.315782599910299
kazam andheri west,Kazam - Andheri West,Kazam,109.24945175,36.41648391666666,0.9466666666666668,37.925194616666666,3,TATA Curvv,Evening,Tuesday,19.1372,72.8276,Mumbai,Maharashtra,"Near Infiniti Mall, Andheri West, Mumbai","AC 7.4kW, DC 15kW",Parking,4,36.416483916666664,0.9466666666666667,59.72182126333333,79.09627221666666,19.37445095333333,0.3333333333333333,0.20000000000000004,0.26722602499587994,0.05078683834048642,0.577144315931556,0.3333333333333333,0.3076923076923077,0.33230299131890584
kazam kharghar,Kazam - Kharghar,Kazam,41.47936113,20.739680565,0.63,34.232187175,2,TATA Curvv,Night,Tuesday,19.0533,73.0571,Mumbai,Maharashtra,"Near Kharghar Station, Navi Mumbai","AC 3.3kW, DC 15kW",Parking,1,20.739680565,0.63,54.92760867,94.771983775,39.844375105,0.5,0.1,0.12795088763828794,0.03379828326180258,0.7113316901093908,0.5,0.07692307692307693,0.3155288422136993
kazam kurla,Kazam - Kurla,Kazam,72.08924277,72.08924277,9.62,7.494575511,1,TATA Nexon,Night,Friday,19.0731,72.8828,Mumbai,Maharashtra,"Nehru Nagar, Near Kurla Station, Mumbai","AC 3.3kW, DC 15kW",Parking,5,72.08924277,9.62,22.9005078,94.20825519,71.30774739,0.0,0.0,0.5841483131544577,0.5160944206008583,0.9175848876504309,0.0,0.38461538461538464,0.4275919458039572
kazam parel,Kazam - Parel,Kazam,45.0685333,45.0685333,1.1,41.03311514,1,Hyundai Kona,Night,Sunday,19.0094,72.8394,Mumbai,Maharashtra,"Dr Ambedkar Rd, Parel, Mumbai","AC 3.3kW, DC 15kW",Parking,10,45.0685333,1.1,51.66193909,92.05776183,40.39582274000001,1.0,0.0,0.3440921653216314,0.05901287553648069,0.714946618508195,1.0,0.7692307692307693,0.23378170627566977
kazam thane,Kazam - Thane,Kazam,168.95018977,56.31672992333333,3.1133333333333333,23.247830170666663,3,TATA Curvv,Morning,Thursday,19.1866,72.9728,Mumbai,Maharashtra,"Eastern Express Hwy, Near Viviana Mall, Thane, Mumbai","AC 7.4kW, DC 22kW",Parking,2,56.316729923333334,3.1133333333333333,52.81617248,62.00615435333333,9.18998187333333,0.0,0.20000000000000004,0.44402287789087475,0.16702432045779686,0.510381627749867,0.0,0.15384615384615385,0.4011884726040554
kazam vasai,Kazam - Vasai,Kazam,28.80292498,28.80292498,0.63,45.51884431,1,TATA Curvv,Night,Friday,19.3919,72.833,Mumbai,Maharashtra,"Vasai West, Palghar","AC 3.3kW, DC 15kW",Parking,0,28.80292498,0.63,73.6868557,81.23277626,7.545920559999999,0.0,0.0,0.19958599386851122,0.03379828326180258,0.49960424191350566,0.0,0.0,0.27821696308033395
kohinoor altissimo residential tower,Kohinoor Altissimo Residential Tower,0,75.52338507,75.52338507,3.03,24.8909192,1,MG Comet,Afternoon,Monday,19.0246,72.8402,Mumbai,Maharashtra,"Kohinoor Altissimo Residential Tower, Kohinoor Altissimo, Kasaravadi, Dadar, Mumbai, Maharashtra 400028",0,0,10,75.52338507,3.03,82.5448484,70.70118042,-11.843667980000006,0.0,0.0,0.6146577626773523,0.1625536480686695,0.3724988382347434,0.0,0.7692307692307693,0.2604100158268011
kohinoor mcgm parking,Kohinoor MCGM parking,0,127.25288564,42.41762854666666,2.11,29.93146772333333,3,TATA Tiago,Evening,Friday,19.02460889,72.84282021,Mumbai,Maharashtra,"Kohinoor Square, Kasaravadi, Dadar, Mumbai, Maharashtra",0,0,11,42.41762854666666,2.11,62.31345307666667,71.88057355333333,9.567120476666666,0.3333333333333333,0.20000000000000004,0.3205411188895064,0.11319742489270386,0.5128539006565682,0.3333333333333333,0.8461538461538463,0.2614600303870553
lifeon industries,Lifeon Industries,0,34.68483914,17.34241957,0.4,40.557834065,2,TATA Curvv,Morning,Tuesday,19.06895357,73.02251015,Mumbai,Maharashtra,"D298, TTC Industrial area, turbhe",0,0,3,17.34241957,0.4,35.157280390000004,88.70365568,53.54637528999999,0.0,0.1,0.09776909731380111,0.021459227467811162,0.8011530012283992,0.0,0.23076923076923078,0.29714576264410664
lodha florenza,Lodha Florenza,0,56.06879095,56.06879095,1.99,28.16853365,1,MG Comet,Afternoon,Monday,19.15381142,72.85579572,Mumbai,Maharashtra,"On Western Express Highway, adjacent to Hub Mall, Cama Industrial Estate, Goregaon, Mumbai, Maharashtra ,Goregaon",0,0,0,56.06879095,1.99,75.63146824,55.82273779,-19.808730450000006,0.0,0.0,0.4418201498351179,0.10675965665236052,0.32028512165755246,0.0,0.0,0.31917377137264835
lodha venezia cpl,Lodha Venezia CPL,0,33.39817876,33.39817876,2.32,14.42092922,1,TATA Nexon,Morning,Tuesday,18.9917205,72.841513,Mumbai,Maharashtra,"GD Ambekar Marg, Lal Baug, Parel, Mumbai, Maharashtra",0,0,10,33.39817876,2.32,23.34413923,68.13930115,44.79516192,0.0,0.0,0.24041093675040637,0.12446351931330471,0.7437857958450491,0.0,0.7692307692307693,0.21873234011107404
magenta chargegrid bandra kurla complex 2,Magenta ChargeGrid - Bandra Kurla Complex 2,Magenta,77.12500791,77.12500791,1.96,39.42909617,1,TATA Curvv,Morning,Friday,19.058,72.8675,Mumbai,Maharashtra,"Maker Maxity, BKC, Mumbai","AC 7.4kW, DC 15kW",Corporate Parking,5,77.12500791,1.96,62.32264056,81.40719887,19.08455831,0.0,0.0,0.6288868268578595,0.10515021459227468,0.5752439702187848,0.0,0.38461538461538464,0.34633101601420235
magenta chargegrid bhandup,Magenta ChargeGrid - Bhandup,Magenta,82.34119491999999,41.17059746,1.12,38.29083051,2,TATA Nexon,Evening,Friday,19.1547,72.9346,Mumbai,Maharashtra,"LBS Marg, Near Bhandup Station, Mumbai","AC 7.4kW, DC 15kW",Parking,3,41.170597459999996,1.12,50.405322325,79.13521988,28.729897554999994,0.0,0.1,0.3094623025014561,0.06008583690987125,0.6384724774057833,0.0,0.23076923076923078,0.329529646311834
magenta chargegrid bhayandar,Magenta ChargeGrid - Bhayandar,Magenta,71.48050343,23.826834476666665,1.0933333333333335,26.15100938333333,3,TATA Tiago,Night,Monday,19.3134,72.8476,Mumbai,Maharashtra,"Bhayandar West Station Parking, Mumbai",AC 7.4kW,Public Parking,0,23.826834476666665,1.0933333333333335,73.43065464,65.79544571,-7.635208930000005,0.3333333333333333,0.20000000000000004,0.15537763883534822,0.05865522174535051,0.4000867308458875,0.3333333333333333,0.0,0.32472294151025527
magenta chargegrid breach candy,Magenta ChargeGrid - Breach Candy,Magenta,68.82528251,68.82528251,4.06,16.93561005,1,TATA Tiago,Afternoon,Monday,18.9677,72.8055,Mumbai,Maharashtra,"Breach Candy Hospital Complex, Mumbai","AC 7.4kW, DC 15kW",Hospital Parking,4,68.82528251,4.06,70.75160734,55.33183817,-15.41976917000001,0.0,0.0,0.5551507871063369,0.21781115879828325,0.34905626830019576,0.0,0.3076923076923077,0.3167734067475958
magenta chargegrid chembur,Magenta ChargeGrid - Chembur,Magenta,10.18500019,10.18500019,0.34,29.83066536,1,MG Comet,Evening,Monday,19.0546,72.9047,Mumbai,Maharashtra,"RB Mehta Marg, Chembur East, Mumbai","AC 7.4kW, DC 15kW",Parking,4,10.18500019,0.34,63.63470753,22.88625804,-40.74844949,0.0,0.0,0.03418148031601487,0.018240343347639486,0.18301808084292243,0.0,0.3076923076923077,0.14166827038635987
magenta chargegrid chembur diamond garden,Magenta ChargeGrid - Chembur Diamond Garden,Magenta,66.17491556,66.17491556,16.16,4.096052506,1,Hyundai Kona,Night,Wednesday,19.0458,72.8991,Mumbai,Maharashtra,"Diamond Garden, Chembur, Mumbai",AC 7.4kW,Park Parking,6,66.17491556,16.16,57.51855751,59.21834421,1.699786699999997,0.0,0.0,0.5316045186019209,0.8669527896995709,0.46128082918597696,0.0,0.46153846153846156,0.3695577637675646
magenta chargegrid cst,Magenta ChargeGrid - CST,Magenta,26.44403312,26.44403312,0.98,27.1214299,1,TATA Curvv,Morning,Sunday,18.9398,72.8354,Mumbai,Maharashtra,"Chhatrapati Shivaji Maharaj Terminus Parking, Fort, Mumbai","AC 7.4kW, DC 15kW",Public Parking,2,26.44403312,0.98,63.48160387,80.47775508,16.996151209999994,1.0,0.0,0.1786292349908617,0.05257510729613734,0.5615537453363184,1.0,0.15384615384615385,0.2610709582008538
magenta chargegrid ghatkopar,Magenta ChargeGrid - Ghatkopar,Magenta,52.47892804,26.23946402,0.77,36.2788579,2,TATA Curvv,Night,Monday,19.0864,72.9085,Mumbai,Maharashtra,"Near Ghatkopar Metro Station, Ghatkopar West, Mumbai","AC 7.4kW, DC 15kW",Parking,3,26.23946402,0.77,64.28453870999999,64.33903259499999,0.05449388499999941,0.5,0.1,0.1768118115747167,0.04130901287553648,0.4504953704337748,0.5,0.23076923076923078,0.2662927751309144
magenta chargegrid kalyan,Magenta ChargeGrid - Kalyan,Magenta,61.11752874,61.11752874,2.15,28.40157855,1,MG Comet,Night,Sunday,19.2403,73.1258,Mumbai,Maharashtra,"Kalyan West, Kalyan, Thane","AC 7.4kW, DC 15kW",Parking,2,61.11752874,2.15,28.7158913,52.96116986,24.24527856,1.0,0.0,0.4866739145606899,0.11534334763948498,0.6090742616298791,1.0,0.15384615384615385,0.35148702957167977
magenta chargegrid kalyan east,Magenta ChargeGrid - Kalyan East,Magenta,72.71574853,72.71574853,2.25,32.25343212,1,TATA Curvv,Afternoon,Monday,19.2402,73.1362,Mumbai,Maharashtra,"Kalyan East Bus Depot, Thane",AC 7.4kW,Depot Parking,2,72.71574853,2.25,28.89851962,57.73534409,28.83682447,0.0,0.0,0.5897142868942538,0.12070815450643776,0.6391734200104787,0.0,0.15384615384615385,0.38229847709885595
magenta chargegrid kamothe,Magenta ChargeGrid - Kamothe,Magenta,65.48719596,65.48719596,1.74,37.57728956,1,TATA Tiago,Evening,Thursday,19.016,73.0949,Mumbai,Maharashtra,"Kamothe Bus Depot, Navi Mumbai",AC 7.4kW,Bus Depot Parking,1,65.48719596,1.74,42.83535123,83.70937054,40.874019309999994,0.0,0.0,0.525494711672224,0.09334763948497854,0.7180813610501658,0.0,0.07692307692307693,0.3868821844856172
magenta chargegrid mahalaxmi,Magenta ChargeGrid - Mahalaxmi,Magenta,38.36041213,38.36041213,1.0,38.34376389,1,MG Comet,Night,Tuesday,18.9938,72.8237,Mumbai,Maharashtra,"Mahalaxmi Race Course, Mumbai","AC 7.4kW, DC 15kW",Parking,8,38.36041213,1.0,72.50501027,86.30071772,13.795707449999995,0.0,0.0,0.28449618287513384,0.0536480686695279,0.5405737387092167,0.0,0.6153846153846154,0.21526722108442642
magenta chargegrid malad,Magenta ChargeGrid - Malad,Magenta,69.28636088500001,34.643180442500004,0.96,30.493581130000003,2,TATA Tiago,Night,Tuesday,19.1736,72.8352,Mumbai,Maharashtra,"Next to Infinity Mall, New Link Rd, Malad West, Mumbai","AC 7.4kW, DC 15kW",Parking,5,34.643180442500004,0.96,42.149339485,79.973947175,37.82460769000001,0.0,0.1,0.251471723599033,0.05150214592274678,0.698091421906114,0.0,0.38461538461538464,0.3000395510856424
magenta chargegrid mansarovar,Magenta ChargeGrid - Mansarovar,Magenta,15.5583755,15.5583755,0.35,44.45073085,1,TATA Nexon,Morning,Monday,19.0121,73.055,Mumbai,Maharashtra,"Mansarovar Railway Station, Navi Mumbai",AC 7.4kW,Station Parking,0,15.5583755,0.35,83.20214245,61.22134406,-21.980798389999997,0.0,0.0,0.0819193748080435,0.01877682403433476,0.30604647127248363,0.0,0.0,0.21826449679631688
magenta chargegrid mumbra,Magenta ChargeGrid - Mumbra,Magenta,63.98527915,31.992639575,3.055,17.6502572965,2,TATA Nexon,Afternoon,Tuesday,19.1808,72.9836,Mumbai,Maharashtra,"Near Mumbra Station, Thane","AC 7.4kW, DC 15kW",Parking,2,31.992639575,3.0549999999999997,64.43690179000001,87.853439185,23.41653739499999,0.0,0.1,0.22792390998473977,0.16389484978540775,0.6036415790278101,0.0,0.15384615384615385,0.32583977625197413
magenta chargegrid oshiwara,Magenta ChargeGrid - Oshiwara,Magenta,12.04931971,12.04931971,0.41,29.46894436,1,TATA Tiago,Night,Saturday,19.1441,72.8366,Mumbai,Maharashtra,"Oshiwara Police Station Lane, Andheri West, Mumbai","AC 7.4kW, DC 15kW",Public Parking,3,12.04931971,0.41,36.63685216,66.97610432,30.339252160000008,1.0,0.0,0.05074438229301999,0.021995708154506438,0.6490223488643141,1.0,0.23076923076923078,0.2276236341029681
magenta chargegrid prabhadevi,Magenta ChargeGrid - Prabhadevi,Magenta,21.81937874,21.81937874,0.0,26.50712322,1,TATA Nexon,Evening,Monday,19.0155,72.8275,Mumbai,Maharashtra,"Century Bazaar, Prabhadevi, Mumbai","AC 7.4kW, DC 15kW",Street Parking,12,21.81937874,0.0,77.21863836,96.77280778,19.554169419999994,0.0,0.0,0.13754309264683512,0.0,0.5783224321255676,0.0,0.9230769230769231,0.13267259951900545
magenta chargegrid taloja,Magenta ChargeGrid - Taloja,Magenta,34.07799973,34.07799973,2.71,12.59762021,1,Hyundai Kona,Night,Monday,19.0378,73.1318,Mumbai,Maharashtra,"Taloja MIDC, Navi Mumbai","AC 7.4kW, DC 15kW",Parking,0,34.07799973,2.71,70.12447702,61.59652123,-8.52795579,0.0,0.0,0.24645057103370915,0.1453862660944206,0.3942344689585784,0.0,0.0,0.2852864397116561
magenta chargegrid trombay,Magenta ChargeGrid - Trombay,Magenta,111.40568791,37.13522930333334,1.23,32.09440591,3,TATA Tiago,Night,Saturday,19.037,72.9235,Mumbai,Maharashtra,"Anushakti Nagar, Trombay, Mumbai","AC 7.4kW, DC 15kW",Public Parking,1,37.13522930333334,1.23,32.75072882,65.95452003666666,33.203791216666666,0.3333333333333333,0.20000000000000004,0.27361146979655704,0.06598712446351931,0.667800384942804,0.3333333333333333,0.07692307692307693,0.38363317609845027
magenta chargegrid wadala,Magenta ChargeGrid - Wadala,Magenta,43.4665651,43.4665651,1.87,23.22301592,1,Hyundai Kona,Evening,Friday,19.0188,72.8571,Mumbai,Maharashtra,"Wadala Truck Terminal, Mumbai","AC 7.4kW, DC 15kW",Transport Hub,8,43.4665651,1.87,70.60042408,89.35441576,18.75399168,0.0,0.0,0.3298600329096512,0.10032188841201718,0.5730769925718792,0.0,0.6153846153846154,0.23615105364670408
magenta chargegrid worli,Magenta ChargeGrid - Worli,Magenta,121.12626799,60.563133995,5.375,22.1539134255,2,MG Comet,Afternoon,Thursday,19.0085,72.8153,Mumbai,Maharashtra,"Atria Mall, Dr Annie Besant Rd, Worli, Mumbai","AC 7.4kW, DC 15kW",Mall Parking,7,60.563133995,5.375,55.99651322,91.257795165,35.26128194500001,0.5,0.1,0.4817485861931569,0.28835836909871243,0.6812879424044087,0.5,0.5384615384615385,0.35569694404959096
magenta house mumbai,Magenta House - Mumbai,0,69.16916706,69.16916706,12.45,5.557358509,1,Hyundai Kona,Afternoon,Wednesday,19.06870454,73.02298692,Mumbai,Maharashtra,"TTC Industrial Area, MIDC Industrial Area, Sanpada, Navi Mumbai",0,0,3,69.16916706,12.45,41.08904487,74.39951853,33.31047365999999,0.0,0.0,0.5582059104540004,0.6679184549356223,0.6684997249518685,0.0,0.23076923076923078,0.422002897234458
magenta parel,Magenta Charging Station (Parel),Magenta,40.25719688,40.25719688,2.24,17.94739459,1,Hyundai Kona,Afternoon,Friday,19.0079,72.8425,Mumbai,Maharashtra,"Station Rd, Parel East, Parel, Mumbai 400014","AC 7.4kW, DC 15kW",Parking,13,40.25719688,2.24,28.84132949,85.27530271,56.433973220000006,0.0,0.0,0.3013475109595644,0.1201716738197425,0.8200821961309852,0.0,1.0,0.21036637454151313
magenta ttc turbhe,"Magenta TTC, Turbhe",0,31.73575031,31.73575031,2.85,11.12987276,1,Hyundai Kona,Evening,Wednesday,19.0685788,73.022744,Mumbai,Maharashtra,"Magenta House, D-285, TTC Industrial Area, nTurbhe, Near Unitech Motors, Navi Mumbai, Maharashtra",0,0,3,31.73575031,2.85,58.96875275,81.66823961,22.69948686,0.0,0.0,0.22564166615824172,0.15289699570815452,0.5989410668162577,0.0,0.23076923076923078,0.27692589151742986
mahanagar gas limited wadala,"Mahanagar Gas Limited, Wadala",0,47.7140959,47.7140959,0.0,26.50712322,1,TATA Curvv,Night,Wednesday,19.0472567,72.8783829,Mumbai,Maharashtra,"MGL Terminal, opposite Anik Depot, Wadala, Mumbai, Maharashtra 400022",0,0,3,47.7140959,0.0,49.53760262,57.93745966,8.39985704,0.0,0.0,0.3675957512401175,0.0,0.5052020884476138,0.0,0.23076923076923078,0.28306386646178683
masstech controls pvt ltd,Masstech controls Pvt ltd,0,60.0274488,30.0137244,4.3500000000000005,10.5434648545,2,TATA Nexon,Night,Monday,19.17674569,72.94574801,Mumbai,Maharashtra,"2/7 Meghal Industrial Estate, Devidayal Road, Mulund West, Mumbai, Maharashtra 400080",0,0,5,30.0137244,4.3500000000000005,43.60849945,91.76483726000001,48.15633781000001,0.0,0.1,0.21034292254524073,0.23336909871244638,0.7658194567168324,0.0,0.38461538461538464,0.31810325132277195
mcgm parking club aquaria,MCGM Parking || Club Aquaria,0,162.21875756,54.07291918666667,2.893333333333333,23.63942455333333,3,MG Comet,Evening,Wednesday,19.2402364,72.8481819,Mumbai,Maharashtra,"Devidas Lane, Shanti Ashram Borivali West, Near St.Lawrence High School, Mumbai, Maharashtra ,Borivali",0,0,4,54.07291918666667,2.893333333333333,58.25285268333334,70.58767889333333,12.334826209999996,0.3333333333333333,0.20000000000000004,0.42408851745122145,0.1552217453505007,0.5309971610859284,0.3333333333333333,0.3076923076923077,0.3750400319068985
mcgm parking runwal anthurium,MCGM Parking || Runwal Anthurium,0,66.79490106,33.39745053,4.475,11.3930986035,2,MG Comet,Evening,Thursday,19.18066617,72.94684724,Mumbai,Maharashtra,"Runwal Anthurium Rd, opposite Veena Nagar, Vardhman Nagar, Mulund West",0,0,3,33.39745053,4.475,16.80024064,62.28066507,45.48042443,0.0,0.1,0.2404044670428389,0.24007510729613732,0.748277926649155,0.0,0.23076923076923078,0.3467349318723121
mh mumbai powai hiranandani gardens,MH|MUMBAI|POWAI#HIRANANDANI GARDENS,0,118.26281193,39.42093731,0.7366666666666667,64.44678619,3,TATA Nexon,Morning,Sunday,19.11999443,72.9141036,Mumbai,Maharashtra,"TECHNOLOGY ST,HIRANANADANI GARDENS,SAINATH NAGAR,POWAI,MUMBAI,MAHARASHTARA 400076",0,0,3,39.42093731,0.7366666666666667,43.17706700666667,65.43238597666667,22.255318969999998,0.3333333333333333,0.20000000000000004,0.29391805204082583,0.039520743919885554,0.5960293939438227,0.3333333333333333,0.23076923076923078,0.35222061187838377
moiz apartments,Moiz Apartments,Tata Power,47.76784734,47.76784734,1.45,32.99434153,1,MG Comet,Night,Thursday,19.0737,72.857,Mumbai,Maharashtra,"12th Road, Above Upadhyaya Nursing Home, Santacruz East, Mumbai, Maharashtra","AC 7.4kW, DC 25kW",Parking,2,47.76784734,1.45,13.70945351,97.58940532,83.87995181,0.0,0.0,0.3680732873181837,0.07778969957081545,1.0,0.0,0.15384615384615385,0.3767203687097044
nathani heights mumbai central,"Nathani Heights, Mumbai Central",0,78.9796422,39.4898211,1.0550000000000002,37.195819485,2,TATA Nexon,Evening,Thursday,18.9688627,72.8207138,Mumbai,Maharashtra,"Junction of Bellasis Road and Dr D.B. Marg , Mumbai Central, Mumbai 400008",0,0,5,39.4898211,1.0550000000000002,18.10942835,77.230296655,59.120868305,0.0,0.1,0.2945300262487527,0.056598712446351944,0.8376957150417588,0.0,0.38461538461538464,0.3322544273707795
oberoi mall goregaon,"Oberoi Mall, Goregaon",0,183.6876797,61.22922656666666,3.37,25.18389228333333,3,TATA Tiago,Night,Thursday,19.1737611,72.8600172,Mumbai,Maharashtra,"Western Express Hwy, Yashodham, Goregaon, Mumbai, Maharashtra 400063",0,0,1,61.22922656666666,3.37,61.08188938999999,78.35344134,17.27155195000001,0.0,0.20000000000000004,0.4876662552696069,0.18079399141630903,0.5633590916518897,0.0,0.07692307692307693,0.4329613651683546
phoenix market city,Phoenix Market City Charging Station,ChargeZone,36.70152016,36.70152016,1.92,19.12193264,1,TATA Curvv,Evening,Sunday,19.0751,72.8893,Mumbai,Maharashtra,"Entrance Gate 3, Phoenix Market City, Lal Bahadur Shastri Rd, Kurla West, Mumbai","AC 22kW, DC 25kW","Mall Amenities, Parking",4,36.70152016,1.92,26.34819844,95.16288707,68.81468862999999,1.0,0.0,0.2697583309163929,0.10300429184549356,0.9012420323375931,1.0,0.3076923076923077,0.31677247061044034
point juhu,EV Point - Juhu,EV Point,79.45782399,79.45782399,2.42,32.88286976,1,Hyundai Kona,Evening,Saturday,19.0994,72.8269,Mumbai,Maharashtra,"Juhu Tara Rd, Near Juhu Beach, Mumbai, Maharashtra","AC 11kW, DC 22kW",Parking,2,79.45782399,2.42,83.12000296,99.62432763,16.504324670000003,1.0,0.0,0.6496119244867365,0.1298283261802575,0.5583296536657982,1.0,0.15384615384615385,0.38605833871265655
point navi mumbai,EV Point - Navi Mumbai,EV Point,49.53480946,49.53480946,1.18,42.13698966,1,Hyundai Kona,Night,Sunday,19.0337,73.0204,Mumbai,Maharashtra,"Plot 1, Sector 21, Nerul, Navi Mumbai","AC 11kW, DC 22kW",Parking,1,49.53480946,1.18,79.74068238,53.90525935,-25.835423029999994,1.0,0.0,0.3837712511471742,0.06330472103004292,0.280778084587198,1.0,0.07692307692307693,0.28285153603941604
statiq andheri east,Statiq - Andheri East,Statiq,68.21954378000001,34.109771890000005,4.7,13.9784404175,2,Hyundai Kona,Evening,Monday,19.1146,72.8696,Mumbai,Maharashtra,"Andheri East Metro Station, Mumbai","AC 11kW, DC 50kW",Parking,6,34.109771890000005,4.7,44.22470312,74.436891995,30.212188874999995,0.0,0.1,0.24673283980042665,0.25214592274678116,0.648189405447317,0.0,0.46153846153846156,0.2998954438111131
statiq bandra kurla complex,Statiq - Bandra Kurla Complex,Statiq,140.48734097,46.82911365666666,1.88,27.850211113,3,TATA Tiago,Night,Friday,19.0588,72.8703,Mumbai,Maharashtra,"Next to Bharat Diamond Bourse, BKC, Mumbai","AC 11kW, DC 45kW",Parking,6,46.829113656666664,1.8800000000000001,66.31786908333333,77.2582749,10.940405816666669,0.3333333333333333,0.20000000000000004,0.3597334325815003,0.10085836909871244,0.521856257109194,0.3333333333333333,0.46153846153846156,0.3290668643908562
statiq ghatkopar,Statiq - Ghatkopar,Statiq,62.6627378,31.3313689,3.69,9.8925880285,2,TATA Tiago,Night,Sunday,19.0836,72.9136,Mumbai,Maharashtra,"Ghatkopar East, Mumbai","AC 11kW, DC 60kW",Parking,3,31.3313689,3.6900000000000004,56.871009165000004,88.34422763,31.473218465000002,0.5,0.1,0.22204907938151092,0.19796137339055794,0.656455886953985,0.5,0.23076923076923078,0.3241614056121467
statiq kanjurmarg,Statiq - Kanjurmarg,Statiq,118.8974904,118.8974904,12.8,9.2864977,1,TATA Nexon,Night,Monday,19.1341,72.9297,Mumbai,Maharashtra,"Kanjurmarg East Station, Mumbai","AC 11kW, DC 50kW",Parking,2,118.8974904,12.8,27.64544589,90.29992273,62.65447684,0.0,0.0,1.0,0.6866952789699572,0.8608597310474277,0.0,0.15384615384615385,0.5747215644771868
statiq kharghar central park,Statiq - Kharghar Central Park,Statiq,64.60983161,64.60983161,16.19,3.991359551,1,Hyundai Kona,Morning,Wednesday,19.0418,73.0634,Mumbai,Maharashtra,"Central Park Parking, Kharghar, Navi Mumbai","AC 22kW, DC 60kW",Park Parking,1,64.60983161,16.19,21.98287037,72.93984362,50.956973250000004,0.0,0.0,0.5177000715521823,0.8685622317596567,0.784178582668571,0.0,0.07692307692307693,0.47236956692583537
statiq kurla nehru nagar,Statiq - Kurla Nehru Nagar,Statiq,21.0022301,21.0022301,0.8,26.23272288,1,TATA Nexon,Night,Friday,19.072,72.8821,Mumbai,Maharashtra,"Nehru Nagar Bus Stand, Kurla East, Mumbai","AC 11kW, DC 60kW",Public Parking,6,21.0022301,0.8,32.2755592,58.86833854,26.592779340000007,0.0,0.0,0.13028341817592515,0.042918454935622324,0.624462934456152,0.0,0.46153846153846156,0.21130137097519708
statiq marol naka,Statiq - Marol Naka,Statiq,126.719268283,42.23975609433334,5.876666666666668,32.668742735,3,TATA Tiago,Night,Monday,19.109,72.8771,Mumbai,Maharashtra,"Marol Naka Metro Station, Mumbai","AC 22kW, DC 60kW",Metro Parking,5,42.23975609433334,5.876666666666668,32.92660953666667,75.48926028,42.56265074333333,0.6666666666666666,0.20000000000000004,0.3189608726061835,0.315271816881259,0.7291509193110695,0.6666666666666666,0.38461538461538464,0.3829477300440245
statiq navi mumbai,Statiq - Navi Mumbai,Statiq,115.94808892,57.97404446,3.4850000000000003,23.30072588,2,Hyundai Kona,Morning,Friday,19.0387,73.0222,Mumbai,Maharashtra,"Seawoods Station, Navi Mumbai","AC 11kW, DC 50kW",Parking,1,57.97404446,3.4850000000000003,69.87264186,64.682530405,-5.190111455000007,0.5,0.1,0.458746715688741,0.18696351931330474,0.41611518348440835,0.5,0.07692307692307693,0.36926184683771546
statiq palava city,Statiq - Palava City,Statiq,37.42669941,37.42669941,2.2,16.98014038,1,TATA Tiago,Afternoon,Tuesday,19.2263,73.0965,Mumbai,Maharashtra,"Lodha Xperia Mall, Palava City, Dombivli","AC 22kW, DC 60kW",Mall Parking,1,37.42669941,2.2,94.43594757,90.5370852,-3.898862369999989,0.0,0.0,0.27620093515062205,0.11802575107296139,0.4245797641463536,0.0,0.07692307692307693,0.2830013119784432
statiq panvel,Statiq - Panvel,Statiq,145.98387584,48.661291946666665,1.8766666666666667,28.07524687133333,3,TATA Tiago,Evening,Thursday,18.9892,73.117,Mumbai,Maharashtra,"Orion Mall, Panvel","AC 22kW, DC 50kW",Mall Parking,4,48.661291946666665,1.8766666666666667,25.472833416666663,79.34709212,53.87425870333334,0.0,0.20000000000000004,0.37601078691702056,0.10067954220314736,0.803302389469688,0.0,0.3076923076923077,0.398412163216177
statiq parel,Statiq - Parel,Statiq,162.64705179,54.21568393,2.5766666666666667,23.88325425333333,3,TATA Curvv,Morning,Sunday,19.0029,72.824,Mumbai,Maharashtra,"Phoenix Mills Compound, Lower Parel, Mumbai","AC 11kW, DC 60kW",Mall Parking,11,54.215683930000004,2.5766666666666667,47.30803354,85.01236185666667,37.704328316666675,1.0,0.20000000000000004,0.42535686143637813,0.13823319027181688,0.6973029493570331,1.0,0.8461538461538463,0.31783489986675423
statiq santacruz,Statiq - Santacruz,Statiq,32.755298878,16.377649439,1.24,14.28573786,2,Hyundai Kona,Night,Sunday,19.0803,72.8365,Mumbai,Maharashtra,"Santacruz West, Near Railway Station, Mumbai","AC 11kW, DC 60kW",Parking,2,16.377649439,1.24,40.09462064,64.819674745,24.725054104999998,0.5,0.1,0.08919793076285744,0.06652360515021459,0.6122193548945772,0.5,0.15384615384615385,0.2827078233629993
statiq ulhasnagar,Statiq - Ulhasnagar,Statiq,60.291060838,30.145530419,1.625,15.68846335,2,TATA Tiago,Morning,Monday,19.2336,73.1353,Mumbai,Maharashtra,"Ulhasnagar Station, Mumbai Region","AC 11kW, DC 60kW",Parking,2,30.145530419,1.625,42.70876059,75.27737501,32.56861442,0.5,0.1,0.21151390753427107,0.08717811158798283,0.6636365831694375,0.5,0.15384615384615385,0.3230648524408586
tata power,Tata Power,0,499.052843484,49.9052843484,2.6877777777777774,25.679683959,11,TATA Tiago,Evening,Friday,19.0302,72.8927,Mumbai,Maharashtra,"Anik Depot, Municipal Kamgar Vasahat, Trombay Industrial Area, Chembur, Mumbai",DC 25kW,"Parking, App Connect",3,52.223623002181824,2.844,44.697604693636364,80.70150777636364,36.00390308272728,0.5454545454545454,1.0,0.3870626071597483,0.1441940867906533,0.6861560786877796,0.5454545454545454,0.23076923076923078,0.6794930876567846
tata power,Tata Power Charging Station,Tata Power,75.40700954,75.40700954,4.25,17.72970872,11,TATA Tiago,Evening,Friday,19.0302,72.8927,Mumbai,Maharashtra,"Anik Depot, Municipal Kamgar Vasahat, Trombay Industrial Area, Chembur, Mumbai",DC 25kW,"Parking, App Connect",3,52.223623002181824,2.844,44.697604693636364,80.70150777636364,36.00390308272728,0.5454545454545454,1.0,0.613623864531013,0.22800429184549356,0.6861560786877796,0.5454545454545454,0.23076923076923078,0.744514422505085
tata power airoli,Tata Power - Airoli,Tata Power,69.71594631,69.71594631,6.93,10.06309377,1,TATA Nexon,Evening,Saturday,19.164,72.9948,Mumbai,Maharashtra,"Reliable Plaza, Airoli, Navi Mumbai","AC 22kW, DC 50kW",Mall Parking,0,69.71594631,6.93,20.4323108,79.5199883,59.0876775,1.0,0.0,0.563063581590121,0.3717811158798283,0.8374781379302463,1.0,0.0,0.45356572767505
tata power antop hill,Tata Power - Antop Hill,Tata Power,49.73870005,49.73870005,1.51,32.86836958,1,TATA Curvv,Night,Wednesday,19.0165,72.8605,Mumbai,Maharashtra,"Antop Hill Post Office, Mumbai","AC 11kW, DC 25kW",Street Parking,4,49.73870005,1.51,85.72764732,52.82854415,-32.899103170000004,0.0,0.0,0.38558264657589547,0.08100858369098712,0.23447323836520814,0.0,0.3076923076923077,0.24351365961400764
tata power ballard estate,Tata Power - Ballard Estate,Tata Power,27.04710323,27.04710323,5.98,4.521631542,1,TATA Curvv,Afternoon,Monday,18.9451,72.8354,Mumbai,Maharashtra,"Ballard Estate Parking Lot, Fort, Mumbai","AC 11kW, DC 25kW",Public Parking,1,27.04710323,5.98,52.03296568,105.6169219,53.58395622,0.0,0.0,0.18398700280374802,0.32081545064377687,0.8013993571151381,0.0,0.07692307692307693,0.33674973779412387
tata power bkc substation,Tata Power - BKC Substation,Tata Power,15.27366667,15.27366667,2.84,5.37038419,1,TATA Tiago,Night,Friday,19.0585,72.8557,Mumbai,Maharashtra,"Near Asian Heart Hospital, Opp Bharat Diamond Bourse, Bandra East, Mumbai, MH 400051","AC 3.3kW, DC 25kW","Parking, App Connect",4,15.27366667,2.84,86.95322411,85.13643915,-1.8167849599999926,0.0,0.0,0.07938997767805057,0.15236051502145923,0.4382284957397308,0.0,0.3076923076923077,0.20466397412877202
tata power borivali west,Tata Power - Borivali West,Tata Power,8.115370261,8.115370261,0.0,26.50712322,1,MG Comet,Evening,Saturday,19.233,72.8552,Mumbai,Maharashtra,"Indraprastha Mall, Borivali West, Mumbai","AC 11kW, DC 25kW",Mall Parking,4,8.115370261,0.0,22.18992507,99.62809793,77.43817286,1.0,0.0,0.01579456901944537,0.0,0.9577719293960272,1.0,0.3076923076923077,0.2514605855104193
tata power byculla,Tata Power - Byculla,Tata Power,61.63104966,61.63104966,3.02,20.39119229,1,MG Comet,Night,Wednesday,18.9788,72.8337,Mumbai,Maharashtra,"Rani Baug Entrance, Byculla East, Mumbai",AC 11kW,On-street Parking,5,61.63104966,3.02,23.35781808,96.40888301,73.05106493,0.0,0.0,0.49123611356673885,0.16201716738197425,0.9290129320983491,0.0,0.38461538461538464,0.3706703772523268
tata power chakala,Tata Power - Chakala,Tata Power,36.137269,36.137269,0.99,36.37707579,1,Hyundai Kona,Night,Sunday,19.1088,72.8535,Mumbai,Maharashtra,"Chakala Metro Station, Mumbai",AC 11kW,Metro Parking,3,36.137269,0.99,48.61219347,95.83119936,47.21900589,1.0,0.0,0.2647454366387578,0.053111587982832616,0.7596749244681562,1.0,0.23076923076923078,0.3008333720128115
tata power chembur,Tata Power - Chembur,Tata Power,62.25705814999999,31.128529075,0.975,34.049707850000004,2,Hyundai Kona,Afternoon,Wednesday,19.0455,72.8996,Mumbai,Maharashtra,"Next to Diamond Garden, Chembur, Mumbai",AC 11kW,Parking,6,31.128529074999996,0.975,41.63380462,61.004501274999996,19.370696654999996,0.0,0.1,0.22024701911101185,0.0523068669527897,0.5771197052182238,0.0,0.46153846153846156,0.26262962802499623
tata power colaba,Tata Power - Colaba,Tata Power,24.40113304,24.40113304,0.78,31.11524448,1,TATA Curvv,Afternoon,Tuesday,18.9216,72.8326,Mumbai,Maharashtra,"Colaba Causeway, Near Regal Cinema, Mumbai",AC 11kW,Street Parking,3,24.40113304,0.78,65.98351537,51.25486777,-14.72864760000001,0.0,0.0,0.16047979579287708,0.041845493562231766,0.3535868072523106,0.0,0.23076923076923078,0.2127271347769044
tata power cotton green,Tata Power - Cotton Green,Tata Power,40.40178309,20.200891545,0.84,31.189122175,2,TATA Curvv,Night,Friday,18.991,72.8485,Mumbai,Maharashtra,"Cotton Green Railyard, Mumbai",AC 11kW,Station Parking,3,20.200891545,0.84,23.467177704999997,88.88248501999999,65.41530731499999,0.5,0.1,0.12316420293708034,0.045064377682403435,0.8789579218001389,0.5,0.23076923076923078,0.3175257921571466
tata power dadar east,Tata Power - Dadar East,Tata Power,7.275443511,7.275443511,0.35,21.06032431,1,Hyundai Kona,Night,Saturday,19.0202,72.8447,Mumbai,Maharashtra,"Mujawar Pakhadi Rd, Dadar East, Mumbai","AC 11kW, DC 25kW",Parking,11,7.275443511,0.35,12.88478096,72.45174831,59.56696735,1.0,0.0,0.00833253030833725,0.01877682403433476,0.8406200472976217,1.0,0.8461538461538463,0.15313074515208408
tata power dharavi colony,"Tata Power, Dharavi Colony",0,59.90446094,19.968153646666668,1.803333333333333,19.122856028666664,3,MG Comet,Morning,Tuesday,19.034402,72.85284,Mumbai,Maharashtra,"Tata Power Dharavi Colony labour camp dharavi ,Matunga ,Mumbai 400019",0,0,7,19.968153646666668,1.803333333333333,55.86941979333333,84.55843555333333,28.689015759999997,0.3333333333333333,0.20000000000000004,0.12109652357467728,0.0967453505007153,0.6382044832167437,0.3333333333333333,0.5384615384615385,0.2749101076570216
tata power dombivli,Tata Power - Dombivli,Tata Power,123.19582462,61.59791231,0.0,26.50712322,2,TATA Nexon,Morning,Friday,19.2188,73.0935,Mumbai,Maharashtra,"Dombivli East Railway Parking, Thane",AC 11kW,RTO Parking,2,61.59791231,0.0,37.71968578,61.069875804999995,23.350190024999996,0.5,0.1,0.4909417162416346,0.0,0.6032066492597299,0.5,0.15384615384615385,0.37513950337244506
tata power gateway of india,Tata Power - Gateway of India,Tata Power,98.18852471,32.72950823666667,10.216666666666669,18.84383125733333,3,Hyundai Kona,Evening,Friday,18.9218,72.8347,Mumbai,Maharashtra,"Apollo Bunder Road, Colaba, Mumbai",AC 11kW,Tourist Parking,3,32.72950823666667,10.216666666666667,47.64098541999999,84.05272132,36.41173590000001,0.6666666666666666,0.20000000000000004,0.2344703647539909,0.5481044349070101,0.6888295626952384,0.6666666666666666,0.23076923076923078,0.40213708446809987
tata power juhu vile parle,Tata Power - Juhu Vile Parle,Tata Power,73.09045077,73.09045077,2.41,30.38880381,1,TATA Tiago,Morning,Tuesday,19.097,72.8261,Mumbai,Maharashtra,"Juhu Beach Gate 3, Mumbai","AC 22kW, DC 25kW",Beach Parking,2,73.09045077,2.41,29.66650146,99.85685077,70.19034930999999,0.0,0.0,0.5930431993500351,0.12929184549356224,0.9102599599586813,0.0,0.15384615384615385,0.42465205530374406
tata power kandivali west,Tata Power - Kandivali West,Tata Power,64.41904929,64.41904929,2.62,24.62165118,1,TATA Nexon,Evening,Friday,19.2053,72.8444,Mumbai,Maharashtra,"Raghuleela Mega Mall, Kandivali West, Mumbai","AC 22kW, DC 50kW",Mall Parking,2,64.41904929,2.62,49.17384524,62.34186035,13.168015109999999,0.0,0.0,0.5160051320146155,0.1405579399141631,0.5364590001165345,0.0,0.15384615384615385,0.3504490039356273
tata power kapasi chsl,Tata Power - Kapasi CHSL,Tata Power,75.65384517999999,37.82692259,1.865,20.218992465,2,Hyundai Kona,Night,Monday,18.965,72.8098,Mumbai,Maharashtra,"4/5, Enterprise Apartment, Forjet Hill Rd, Tardeo, Mumbai","AC 3.3kW, AC 22kW, DC 60kW","Smart App Charging, Parking",5,37.826922589999995,1.865,41.249561545,57.419663045,16.1701015,0.0,0.1,0.27975657957109423,0.10005364806866952,0.5561387061449673,0.0,0.38461538461538464,0.2906730079290779
tata power khandeshwar,Tata Power - Khandeshwar,Tata Power,115.43764121,57.718820605,2.435,34.49484278,2,TATA Nexon,Evening,Tuesday,19.0028,73.1076,Mumbai,Maharashtra,"Khandeshwar Railway Station, Navi Mumbai",AC 11kW,Station Parking,5,57.718820605,2.435,55.120398140000006,69.79811027,14.677712129999989,0.5,0.1,0.45647926762138485,0.13063304721030045,0.5463555819219638,0.5,0.38461538461538464,0.33644415122236315
tata power khar west,Tata Power - Khar West,Tata Power,93.28669152,46.64334576,1.36,37.236242515,2,TATA Nexon,Morning,Monday,19.0756,72.8322,Mumbai,Maharashtra,"Khar Danda Road, Mumbai",AC 11kW,Public Parking,3,46.64334576,1.3599999999999999,32.176439789999996,82.67331744500001,50.49687765500001,0.0,0.1,0.358083041953737,0.07296137339055794,0.7811624982265184,0.0,0.23076923076923078,0.3643758879460831
tata power kurla lbs,Tata Power - Kurla LBS,Tata Power,69.42235104,69.42235104,7.02,9.889820742,1,TATA Nexon,Evening,Monday,19.0702,72.881,Mumbai,Maharashtra,"LBS Marg, Kurla West, Mumbai",AC 11kW,Street Parking,7,69.42235104,7.02,29.13398079,99.88715307,70.75317228,0.0,0.0,0.5604552359574354,0.37660944206008584,0.9139494575802503,0.0,0.5384615384615385,0.38409794106317413
tata power mahalaxmi west,Tata Power - Mahalaxmi West,Tata Power,65.18392769,65.18392769,1.69,38.57770533,1,TATA Curvv,Night,Saturday,18.994,72.8231,Mumbai,Maharashtra,"Shree Simandhar Towers, Mahalaxmi West, Mumbai","AC 11kW, DC 25kW",Residential Parking,7,65.18392769,1.69,17.72971756,82.7913617,65.06164414,1.0,0.0,0.5228004296165677,0.09066523605150215,0.8766395383784406,1.0,0.5384615384615385,0.3404933309968274
tata power mahanagar gas,Tata Power - Mahanagar Gas,Tata Power,62.20847707,31.104238535,1.015,33.662821785,2,TATA Tiago,Morning,Wednesday,19.0281,72.8647,Mumbai,Maharashtra,"MGL Terminal, Opposite Anik Depot, Wadala, Mumbai",DC 25kW,"Parking, App Connect",5,31.104238535,1.0150000000000001,63.6242263,56.789669965,-6.834556334999995,0.5,0.1,0.22003121820957167,0.05445278969957081,0.4053352832369804,0.5,0.38461538461538464,0.24856106831558936
tata power mankhurd,Tata Power - Mankhurd,Tata Power,61.11752874,61.11752874,1.64,37.24649566,1,TATA Nexon,Evening,Monday,19.0498,72.9317,Mumbai,Maharashtra,"Mankhurd Railway Station, Mumbai",AC 11kW,Station Parking,1,61.11752874,1.64,19.89094139,62.23223391,42.341292519999996,0.0,0.0,0.4866739145606899,0.08798283261802575,0.727699840229306,0.0,0.07692307692307693,0.3780832763979094
tata power nariman point,Tata Power - Nariman Point,Tata Power,67.45124177,67.45124177,1.5,45.01922284,1,MG Comet,Evening,Friday,18.9255,72.8234,Mumbai,Maharashtra,"CR2 Mall Parking, Nariman Point, Mumbai, MH 400021","AC 22kW, DC 25kW","Mall Parking, App Connect",3,67.45124177,1.5,36.06774243,61.52733401,25.459591579999994,0.0,0.0,0.5429435973811381,0.08047210300429185,0.6170344999960036,0.0,0.23076923076923078,0.3517229000297296
tata power new panvel,Tata Power - New Panvel,Tata Power,21.27074191,21.27074191,0.53,40.17685077,1,Hyundai Kona,Morning,Saturday,18.9907,73.1195,Mumbai,Maharashtra,"Panvel Railway Station East, Navi Mumbai","AC 11kW, DC 25kW",Station Parking,4,21.27074191,0.53,23.97110918,90.94302581,66.97191663,1.0,0.0,0.1326689184836719,0.028433476394849787,0.8891620297906222,1.0,0.3076923076923077,0.27323103557515016
tata power opera house,Tata Power - Opera House,Tata Power,58.45649285,29.228246425,1.285,23.822741715,2,TATA Curvv,Night,Friday,18.9545,72.8189,Mumbai,Maharashtra,"Charni Road East, Mumbai",AC 11kW,Street Parking,3,29.228246425000002,1.2850000000000001,46.218179895,93.470629885,47.252449989999995,0.5,0.1,0.2033646151438241,0.06893776824034334,0.759894162015276,0.5,0.23076923076923078,0.3221036702968971
tata power palava,Tata Power - Palava,Tata Power,65.43101691,65.43101691,3.23,20.27269894,1,MG Comet,Night,Sunday,19.2081,73.1041,Mumbai,Maharashtra,"Near Palava City, Dombivli East","AC 11kW, DC 25kW",Parking,1,65.43101691,3.23,76.46681164,75.84995703,-0.6168546100000043,1.0,0.0,0.5249956083327324,0.1732832618025751,0.4460944507706232,1.0,0.07692307692307693,0.3539529343405725
tata power taloja,Tata Power - Taloja Station,Tata Power,63.62653233,63.62653233,6.37,9.986771923,1,TATA Nexon,Afternoon,Sunday,19.0494,73.1166,Mumbai,Maharashtra,"Taloja Panchanand Station, Navi Mumbai",AC 11kW,Station Parking,1,63.62653233,6.37,41.00608003,71.25331651,30.247236480000005,1.0,0.0,0.5089642891854882,0.3417381974248927,0.6484191545197282,1.0,0.07692307692307693,0.39713930367835903
tata power thane west,Tata Power - Thane West,Tata Power,52.90446367,52.90446367,3.4,15.57205559,1,MG Comet,Night,Saturday,19.1915,72.972,Mumbai,Maharashtra,"Thane West Station, Thane","AC 11kW, DC 25kW",Parking,2,52.90446367,3.4,89.8386107,97.49538047,7.656769769999997,1.0,0.0,0.4137077785384835,0.18240343347639484,0.5003308965073077,1.0,0.15384615384615385,0.3236399993814334
tata power tilak nagar,Tata Power - Tilak Nagar,Tata Power,122.27200515,61.136002575,2.36,29.67576312,2,TATA Curvv,Morning,Thursday,19.0734,72.8892,Mumbai,Maharashtra,"Tilak Nagar Railway Station, Mumbai",AC 11kW,Station Parking,4,61.136002575,2.36,49.481459225,61.63713455,12.155675324999997,0.0,0.1,0.4868380389583385,0.12660944206008584,0.5298227655844274,0.0,0.3076923076923077,0.3526900226294111
tata power vikhroli,Tata Power - Vikhroli,Tata Power,173.76010223999998,57.92003407999999,2.05,31.87006693666667,3,TATA Nexon,Evening,Sunday,19.106,72.9286,Mumbai,Maharashtra,"Near Vikhroli Station East, Mumbai","AC 11kW, DC 25kW",Parking,3,57.92003407999999,2.05,41.44661354,64.35693296666666,22.91031942666666,0.6666666666666666,0.20000000000000004,0.45826687914780245,0.10997854077253218,0.6003231466081786,0.6666666666666666,0.23076923076923078,0.400997661240046
trimurti petroleum panvel,"Trimurti Petroleum, Panvel",0,53.923558888,26.961779444,2.145,29.286008245,2,Hyundai Kona,Evening,Monday,18.9563188,73.1626506,Mumbai,Maharashtra,"GUT NO.151/2, VILLAGE - AJIVALI, TALUKA - PANVEL, RAIGAD, AJIVALI, 410216",0,0,0,26.961779444,2.145,44.514056055,75.1015498,30.587493745000003,0.5,0.1,0.18322897313733927,0.11507510729613735,0.6506496576030316,0.5,0.0,0.33991220265440325
vasant oasis,Vasant oasis,0,150.27214763,50.09071587666667,1.7300000000000002,30.32288719,3,MG Comet,Morning,Tuesday,19.1146146,72.8840941,Mumbai,Maharashtra,"Borosil Plot,off, Makwana Rd, Marol, Andheri East, Mumbai, Maharashtra",0,0,6,50.09071587666667,1.7300000000000002,39.979389366666666,77.31860799666667,37.339218630000005,0.3333333333333333,0.20000000000000004,0.3887100094387992,0.09281115879828328,0.6949095301251058,0.3333333333333333,0.46153846153846156,0.3614642785275248
volltic pcs04,Volltic PCS04,0,62.42036137,62.42036137,2.09,29.9083034,1,Hyundai Kona,Night,Thursday,19.12012455,72.88724762,Mumbai,Maharashtra,"Gala No14 A, KBM compound, military road, raje shivaji nagar, marol, andheri east, 400072",0,0,6,62.42036137,2.09,119.0511075,50.38374048,-68.66736702,0.0,0.0,0.4982484804608173,0.1121244635193133,0.0,0.0,0.46153846153846156,0.2165437972363664
voltapoint,VoltaPoint Charging Station,VoltaPoint,49.43856017,24.719280085,1.93,23.483744045,2,TATA Nexon,Morning,Saturday,19.0161,72.828,Mumbai,Maharashtra,"527, Building No-2, SRA Cooperative Society, Prabhadevi, near Ahuja Towers, Mumbai","AC 11kW, DC 30kW",Parking,12,24.719280085,1.93,32.117951745,83.48519054,51.367238795000006,0.5,0.1,0.16330626317900887,0.10354077253218884,0.7868680140407289,0.5,0.9230769230769231,0.21574930669254194
voltapoint dahisar,VoltaPoint - Dahisar,VoltaPoint,83.45776887,41.728884435,1.475,33.958801385,2,Hyundai Kona,Night,Tuesday,19.2567,72.8572,Mumbai,Maharashtra,"Dahisar Check Naka Parking, Mumbai","AC 11kW, DC 30kW",Public Parking,1,41.728884435,1.475,67.232897275,75.07548801,7.842590735000002,0.0,0.1,0.31442221004024734,0.07913090128755365,0.5015490166711047,0.0,0.07692307692307693,0.3352125336010214
voltapoint kalamboli highway,VoltaPoint - Kalamboli Highway,VoltaPoint,85.03985431,85.03985431,3.18,26.7265968,1,TATA Nexon,Evening,Sunday,19.0543,73.1153,Mumbai,Maharashtra,"Kalamboli Steel Market Junction, Navi Mumbai","AC 11kW, DC 30kW",Highway Parking,1,85.03985431,3.18,32.36280196,55.98865792,23.625855960000003,1.0,0.0,0.6992035422491417,0.17060085836909872,0.6050137340194903,1.0,0.07692307692307693,0.42107456996365733
voltapoint parel,VoltaPoint - Parel,VoltaPoint,57.72437946,57.72437946,12.87,4.485647105,1,MG Comet,Afternoon,Friday,19.0094,72.8394,Mumbai,Maharashtra,"Dr Ambedkar Rd, Parel, Mumbai","AC 11kW, DC 30kW",Parking,10,57.72437946,12.87,41.87247964,79.64797277,37.775493129999994,0.0,0.0,0.45652865334603215,0.690450643776824,0.6977694591185887,0.0,0.7692307692307693,0.3224580311973634
volttic bkc,Volttic - BKC,Volttic,29.34959504,29.34959504,0.97,30.32389572,1,TATA Curvv,Morning,Tuesday,19.0658,72.8687,Mumbai,Maharashtra,"Bandra Kurla Complex, Bandra East, Mumbai",DC Fast 25kW,"Parking, App Connect",7,29.34959504,0.97,72.60499922,22.27521585,-50.32978337,0.0,0.0,0.20444269494384165,0.05203862660944206,0.12020915077790095,0.0,0.5384615384615385,0.143576678244359
volttic ghansoli,Volttic - Ghansoli,Volttic,67.17701749,33.588508745,1.48,22.72673073,2,Hyundai Kona,Afternoon,Wednesday,19.1339,73.0011,Mumbai,Maharashtra,"Ghansoli Station East, Navi Mumbai",DC 25kW,Public Parking,0,33.588508745,1.48,31.707688375,83.28353157500001,51.57584320000001,0.5,0.1,0.24210185767411146,0.07939914163090128,0.7882354874686459,0.5,0.0,0.3717007017019148
volttic marol,Volttic Charging - Marol,Volttic,26.58671022,26.58671022,1.09,24.45076324,1,MG Comet,Afternoon,Tuesday,19.1112,72.874,Mumbai,Maharashtra,"Marol Naka Metro Station, Andheri East, Mumbai",DC Fast 25kW,Parking,5,26.58671022,1.09,77.97541226,91.45202017,13.476607909999998,0.0,0.0,0.17989680033913602,0.05847639484978542,0.5384819317705736,0.0,0.38461538461538464,0.2239018216430409
volttic mini,Volttic Mini Charging,Volttic,6.443672289,6.443672289,0.43,14.99241844,1,TATA Tiago,Night,Tuesday,19.1265,72.8874,Mumbai,Maharashtra,"Saki Vihar Rd, Near Saki Naka Metro, Andheri East, Mumbai",AC 7kW,Parking,3,6.443672289,0.43,81.59731029,84.92637815,3.329067860000009,0.0,0.0,0.0009429465650528657,0.023068669527896997,0.471961326047516,0.0,0.23076923076923078,0.1887214178857957
volttic mumbai central,Volttic - Mumbai Central,Volttic,46.61987333,46.61987333,6.31,7.388686338,1,TATA Nexon,Morning,Friday,18.9692,72.8195,Mumbai,Maharashtra,"Mumbai Central Station Parking, Mumbai",DC 25kW,Station Parking,6,46.61987333,6.31,70.09449292,59.04290083,-11.051592089999993,0.0,0.0,0.35787450926763814,0.338519313304721,0.3776911673826762,0.0,0.46153846153846156,0.2607434645240138
volttic sion,Volttic - Sion,Volttic,46.195137,46.195137,0.96,47.87752356,1,Hyundai Kona,Afternoon,Sunday,19.032,72.8597,Mumbai,Maharashtra,"Sion East, Near Sion Hospital, Mumbai",DC Fast 25kW,Parking,5,46.195137,0.96,53.00518533,59.90164627,6.896460939999997,1.0,0.0,0.35410108624417336,0.05150214592274678,0.49534681133405534,1.0,0.38461538461538464,0.26028520016111867
volttic worli sea face,Volttic - Worli Sea Face,Volttic,6.337534265,6.337534265,1.47,4.315961671,1,Hyundai Kona,Morning,Wednesday,19.0053,72.8157,Mumbai,Maharashtra,"Worli Sea Face Promenade, Worli, Mumbai",DC Fast 25kW,Public Parking,7,6.337534265,1.47,44.29225743,55.5236463,11.231388870000004,0.0,0.0,0.0,0.078862660944206,0.5237637508335354,0.0,0.5384615384615385,0.15568159795022013
xavier institute of engineering,Xavier Institute of Engineering,0,52.952969339,26.4764846695,1.0799999999999998,31.278524075,2,TATA Nexon,Night,Friday,19.04520829,72.84154175,Mumbai,Maharashtra,"Opposite S.L.Raheja Hospital, Mahim Causeway, Mahim (West), Raheja Hospital Marg, Mumbai, Maharashtra",0,0,2,26.4764846695,1.0799999999999998,69.24652829,83.94045997,14.693931680000006,0.0,0.1,0.1789175395586165,0.05793991416309012,0.5464619066356619,0.0,0.15384615384615385,0.29441573922438935
