User ID,Vehicle Model,Battery Capacity (kWh),Charging Station ID,Charging Station Location,Charging Start Time,Charging End Time,Energy Consumed (kWh),Charging Duration (hours),Charging Rate (kW),Charging Cost (USD),Time of Day,Day of Week,State of Charge (Start %),State of Charge (End %),Distance Driven (since last charge) (km),Temperature (Â°C),Vehicle Age (years),Charger Type,User Type,is_consumption_outlier,hour,dayofweek,month,is_weekend
User_1,BMW i3,108.46300741284072,Station_391,Mumbai,2024-01-01 00:00:00,2024-01-01 00:39:00,60.71234573492677,0.5913634253585007,36.3891805669814,13.087716791774506,Evening,Tuesday,29.371575979140047,86.11996244457839,293.6021106383279,27.947953055800944,2.0,DC Fast Charger,Commuter,0,0,0,1,0
User_4,Hyundai Kona,50.0,Station_327,Mumbai,2024-01-01 03:00:00,2024-01-01 06:42:00,79.45782398845503,1.266430804620451,32.882869757386224,13.036238833914622,Evening,Saturday,83.12000296074223,99.62432763119423,199.5777845163286,38.31631316036344,1.0,Level 1,Long-Distance Traveler,0,3,0,1,0
User_7,Chevy Bolt,85.0,Station_162,Mumbai,2024-01-01 06:00:00,2024-01-01 07:53:00,36.862139988267536,3.5396190263161467,26.18518786003352,22.21422517569784,Evening,Friday,60.75178075976676,70.79609690147149,81.33800890802773,27.5513346806664,4.0,Level 2,Commuter,0,6,0,1,0
User_14,Nissan Leaf,75.0,Station_327,Mumbai,2024-01-01 13:00:00,2024-01-01 15:54:00,16.56106432522506,3.5909657181461028,19.76909871755716,37.44185660286842,Morning,Friday,25.775415389763285,69.2012290988145,159.2316102189639,34.11034863859677,7.0,Level 2,Commuter,0,13,0,1,0
User_15,BMW i3,85.0,Station_96,Mumbai,2024-01-01 14:00:00,2024-01-01 17:32:00,12.927545290947553,3.4218093378407497,24.21115011711917,18.552815677456245,Afternoon,Monday,71.68354383511853,63.70663794066834,155.36060543681995,39.50544568765913,4.0,Level 1,Casual Driver,0,14,0,1,0
User_25,Tesla Model 3,100.0,Station_150,Mumbai,2024-01-02 00:00:00,2024-01-02 01:55:00,27.60438468247694,0.9571376601264636,11.238538626794044,24.03753468851581,Morning,Wednesday,65.48688658113335,65.35209627449626,173.47152650529225,35.977821918048456,4.0,Level 1,Long-Distance Traveler,0,0,1,1,0
User_27,Chevy Bolt,75.0,Station_361,Mumbai,2024-01-02 02:00:00,2024-01-02 02:33:00,43.487751224792326,3.652540335433942,36.18237188372349,27.44831088430594,Afternoon,Thursday,88.74847907153811,87.82402899882813,80.91266512306521,29.872209873061493,0.3612151658030595,Level 1,Commuter,0,2,1,1,0
User_34,Tesla Model 3,62.0,Station_211,Mumbai,2024-01-02 09:00:00,2024-01-02 12:03:00,60.06708508895625,0.9991001884039166,7.651570046980447,18.034390040505443,Afternoon,Monday,22.88146662593892,51.43427868199236,46.35755886056615,13.991597483206988,1.0,Level 2,Casual Driver,0,9,1,1,0
User_35,Chevy Bolt,75.0,Station_402,Mumbai,2024-01-02 10:00:00,2024-01-02 13:32:00,57.72437946101146,1.8735815970397776,4.48564710517362,35.50300017025295,Afternoon,Friday,41.87247964240577,79.64797277486439,157.61465400806637,28.429807376567297,1.8091728675018728,DC Fast Charger,Long-Distance Traveler,0,10,1,1,0
User_40,Nissan Leaf,100.0,Station_23,Mumbai,2024-01-02 15:00:00,2024-01-02 16:50:00,68.17785003637414,3.2424460582484915,23.31161908295264,8.498571936835022,Morning,Thursday,17.040420024456118,56.07865100803714,130.37601376208403,-3.191455365646359,2.0,Level 2,Long-Distance Traveler,0,15,1,1,0
User_42,Tesla Model 3,100.0,Station_461,Mumbai,2024-01-02 17:00:00,2024-01-02 18:15:00,39.398742356080696,2.3977153605176023,20.46036486895017,26.61971774881356,Morning,Saturday,28.252298260726327,96.287092238838,111.01653950164392,19.78108389153856,2.941663235080507,Level 2,Commuter,0,17,1,1,0
User_43,BMW i3,85.0,Station_391,Mumbai,2024-01-02 18:00:00,2024-01-02 20:53:00,12.049319706245154,1.373881357931789,29.468944357780007,32.04209859904496,Night,Saturday,36.636852158024986,66.97610432369274,83.24522142563875,39.41613092437325,4.0,Level 1,Commuter,0,18,1,1,0
User_55,Chevy Bolt,100.0,Station_185,Mumbai,2024-01-03 06:00:00,2024-01-03 07:55:00,17.769436409407696,3.3140797633169585,34.45824193725993,9.798498137959154,Evening,Thursday,27.69749248619649,70.51026724863107,166.3114629994677,19.703359179359488,4.0,DC Fast Charger,Casual Driver,0,6,2,1,0
User_58,Nissan Leaf,62.0,Station_130,Mumbai,2024-01-03 09:00:00,2024-01-03 12:59:00,77.86372676031044,0.9179022472670976,47.15400980350788,28.30319111612704,Afternoon,Saturday,56.91742176324378,57.46568225034442,129.3894111090679,38.46677944602198,3.0,DC Fast Charger,Casual Driver,0,9,2,1,0
User_60,Nissan Leaf,100.0,Station_378,Mumbai,2024-01-03 11:00:00,2024-01-03 12:15:00,71.28000416235402,2.413754936898993,40.61639923013172,6.744728812226459,Evening,Wednesday,26.1565979508552,89.92458852765273,140.46521317115082,33.05773080632935,5.0,Level 2,Casual Driver,0,11,2,1,0
User_61,Nissan Leaf,62.0,Station_97,Mumbai,2024-01-03 12:00:00,2024-01-03 14:22:00,21.82768817738645,2.082100007126398,26.50712322152529,36.06804149617966,Evening,Tuesday,33.255985091753644,51.50113226723436,48.044387156223145,38.65644395728205,7.0,Level 1,Casual Driver,0,12,2,1,0
User_63,Hyundai Kona,124.31591138552656,Station_87,Mumbai,2024-01-03 14:00:00,2024-01-03 16:50:00,46.1951370011332,0.6505075790560018,47.87752355760527,30.86418085784876,Afternoon,Sunday,53.00518532661712,59.90164627311141,25.02725725569419,6.17125670947679,1.0,Level 2,Commuter,0,14,2,1,0
User_66,BMW i3,62.0,Station_208,Mumbai,2024-01-03 17:00:00,2024-01-03 18:46:00,59.25460166411963,1.2796206959579637,,12.220438303566691,Night,Thursday,77.03697398688679,91.82927487145972,167.29757277309406,35.27145068625696,7.0,Level 2,Long-Distance Traveler,0,17,2,1,0
User_70,BMW i3,50.0,Station_35,Mumbai,2024-01-03 21:00:00,2024-01-03 22:47:00,67.00568214318923,3.608030961009233,4.092360865180499,14.42396639096435,Night,Monday,57.677660751028775,57.11286224854077,276.3684303122313,-2.7249027658978378,4.122767456931069,Level 1,Long-Distance Traveler,0,21,2,1,0
User_72,Hyundai Kona,75.0,Station_67,Mumbai,2024-01-03 23:00:00,2024-01-04 00:36:00,61.13047583037784,0.947277208902377,23.281804960483075,37.14898172847161,Evening,Saturday,34.89904374917877,92.355661174546,58.85531551787028,7.662649708995332,1.0,DC Fast Charger,Long-Distance Traveler,0,23,2,1,0
User_75,Hyundai Kona,85.0,Station_34,Mumbai,2024-01-04 02:00:00,2024-01-04 04:22:00,69.16916705566726,2.285242161327478,5.557358509328086,20.76646440802641,Afternoon,Wednesday,41.089044871443264,74.39951852877809,276.57481915586186,20.014324466284243,4.0,Level 1,Casual Driver,0,2,3,1,0
User_79,BMW i3,100.0,Station_151,Mumbai,2024-01-04 06:00:00,2024-01-04 09:55:00,30.651699818598622,1.0288186666188504,28.522353335495254,39.322054380129146,Evening,Friday,38.12132999285809,81.19721083979802,12.149516678078117,-4.932743443178868,1.0,DC Fast Charger,Casual Driver,0,6,3,1,0
User_80,BMW i3,75.0,Station_71,Mumbai,2024-01-04 07:00:00,2024-01-04 07:41:00,59.9864767329939,3.729365399834844,23.417921150036506,15.683016562744246,Afternoon,Wednesday,88.09676846371462,96.1305685919979,281.763740323611,15.060622448535312,0.0,Level 1,Commuter,0,7,3,1,0
User_85,Tesla Model 3,50.0,Station_82,Mumbai,2024-01-04 12:00:00,2024-01-04 13:09:00,57.92445004054599,1.261117292569857,12.538161906875358,19.81732290839241,Morning,Friday,49.87203405296153,54.26143302124692,64.13545483676491,1.8254496871976087,1.0,Level 1,Casual Driver,0,12,3,1,0
User_93,Chevy Bolt,85.0,Station_224,Mumbai,2024-01-04 20:00:00,2024-01-04 23:34:00,65.431016913359,0.929486553755634,20.27269893513049,10.395657972388529,Night,Sunday,76.46681163744769,75.84995702645678,71.43600424010651,30.199709557192065,6.0,DC Fast Charger,Long-Distance Traveler,0,20,3,1,0
User_113,Hyundai Kona,100.0,Station_448,Mumbai,2024-01-05 16:00:00,2024-01-05 18:14:00,36.13726899530781,2.4493464545125736,36.3770757935734,7.870917869946003,Night,Sunday,48.61219346503014,95.83119935657344,48.11698069126825,32.30733828974979,1.0,DC Fast Charger,Casual Driver,0,16,4,1,0
User_115,Tesla Model 3,85.0,Station_56,Mumbai,2024-01-05 18:00:00,2024-01-05 21:02:00,43.4453789766191,1.4058899107283944,,34.67514514166657,Morning,Friday,55.70562012448279,52.80830822724293,38.19901103771869,19.86952895203637,5.0,Level 1,Casual Driver,0,18,4,1,0
User_120,Nissan Leaf,63.09631665342351,Station_62,Mumbai,2024-01-05 23:00:00,2024-01-06 00:20:00,47.71409590115245,1.1768393082458872,,15.35252653215444,Night,Wednesday,49.537602623606446,57.93745966356943,214.4674793692331,34.27808118668334,1.0,DC Fast Charger,Casual Driver,0,23,4,1,0
User_125,Tesla Model 3,75.0,Station_494,Mumbai,2024-01-06 04:00:00,2024-01-06 07:42:00,64.41904928508166,3.1900131034328947,24.621651183384863,28.99874330581624,Evening,Friday,49.17384524132495,62.34186035083323,230.49427175789185,25.32047569840328,2.0,Level 1,Long-Distance Traveler,0,4,5,1,1
User_130,Hyundai Kona,50.0,Station_127,Mumbai,2024-01-06 09:00:00,2024-01-06 12:53:00,35.55367093393553,3.536754115192,45.85569719639172,23.36793048019756,Night,Tuesday,85.49045253068678,74.66057197859945,275.57427410790336,26.133406798103643,4.0,Level 1,Commuter,0,9,5,1,1
User_132,Hyundai Kona,100.0,Station_114,Mumbai,2024-01-06 11:00:00,2024-01-06 11:40:00,36.616568616352566,3.3580146467574785,27.32114693970443,11.584869228221294,Afternoon,Sunday,66.55511783374999,56.23715390685432,69.23387008131701,24.523038772909203,7.0,Level 2,Long-Distance Traveler,0,11,5,1,1
User_133,BMW i3,50.0,Station_199,Mumbai,2024-01-06 12:00:00,2024-01-06 12:41:00,65.48719595789339,2.0662813799021897,37.57728956063927,31.14502051485556,Evening,Thursday,42.8353512271293,83.70937054043276,102.23907267794996,17.522727671566376,6.0,DC Fast Charger,Long-Distance Traveler,0,12,5,1,1
User_134,Hyundai Kona,85.0,Station_13,Mumbai,2024-01-06 13:00:00,2024-01-06 16:19:00,33.88719708294054,3.625604853300888,18.604260903972325,24.46832039951016,Night,Monday,40.14074746609202,63.34760037685963,267.8436816447363,-4.160747932993171,2.778246565868397,DC Fast Charger,Long-Distance Traveler,0,13,5,1,1
User_138,Nissan Leaf,85.0,Station_444,Mumbai,2024-01-06 17:00:00,2024-01-06 18:05:00,30.06513890238722,1.2674299555740305,35.87112112811267,35.03863444597721,Night,Friday,13.948323455933185,93.59847436377936,122.76475966549545,33.018171296489285,1.0,DC Fast Charger,Long-Distance Traveler,0,17,5,1,1
User_141,Tesla Model 3,100.0,Station_474,Mumbai,2024-01-06 20:00:00,2024-01-06 21:02:00,47.37743937319623,1.2995270359925628,48.1603346331429,28.11485498505232,Morning,Monday,23.63676231573029,68.05817011355497,,8.51163039714243,4.0,DC Fast Charger,Casual Driver,0,20,5,1,1
User_144,BMW i3,50.0,Station_74,Mumbai,2024-01-06 23:00:00,2024-01-07 02:18:00,78.69341922441535,2.8560625647309243,36.56255636850435,7.639601311112014,Evening,Tuesday,38.19062072851722,82.43448922749442,17.241597203507894,12.737924554170815,7.0,Level 1,Long-Distance Traveler,0,23,5,1,1
User_146,BMW i3,85.0,Station_101,Mumbai,2024-01-07 01:00:00,2024-01-07 04:33:00,40.24838259933458,3.635489899529857,33.732264264339975,17.2431150816409,Night,Tuesday,45.02731340187831,77.80287971223682,28.45468192760388,38.96813600946469,6.0,DC Fast Charger,Commuter,0,1,6,1,1
User_155,Chevy Bolt,50.0,Station_366,Mumbai,2024-01-07 10:00:00,2024-01-07 10:44:00,56.06879094629386,3.254362544448932,28.16853365416375,7.964297405534403,Afternoon,Monday,75.63146823991906,55.82273779293016,219.43189705655263,7.109435812188849,4.0,DC Fast Charger,Long-Distance Traveler,0,10,6,1,1
User_156,Tesla Model 3,62.0,Station_120,Mumbai,2024-01-07 11:00:00,2024-01-07 11:32:00,65.04979561439833,3.436820245282369,22.5594518061318,20.79767963203312,Night,Saturday,83.5872819190941,80.0421189827712,188.0781767225488,25.34429384752454,3.0,DC Fast Charger,Casual Driver,0,11,6,1,1
User_158,Hyundai Kona,50.8706170770115,Station_145,Mumbai,2024-01-07 13:00:00,2024-01-07 16:08:00,23.57128153810389,0.8419612388537623,49.78371903386572,21.99640804730698,Night,Friday,51.0715257268038,79.00243296681866,267.3473926242877,-3.0896176819195844,3.0,DC Fast Charger,Casual Driver,0,13,6,1,1
User_163,Hyundai Kona,85.0,Station_352,Mumbai,2024-01-07 18:00:00,2024-01-07 21:52:00,45.57396766460627,3.265855665654016,11.089826996423842,34.02915242344273,Evening,Monday,45.70606019537613,87.23241204777877,217.5899277259296,-9.09046835864223,1.0,Level 2,Commuter,0,18,6,1,1
User_167,BMW i3,75.0,Station_137,Mumbai,2024-01-07 22:00:00,2024-01-08 00:01:00,54.64087910335184,3.2496621390652534,19.70948849251112,18.84386067263988,Morning,Monday,27.017063596143707,85.53675893440291,130.55196295061603,12.629501276977535,5.0,Level 1,Commuter,0,22,6,1,1
User_170,BMW i3,85.0,Station_273,Mumbai,2024-01-08 01:00:00,2024-01-08 02:16:00,56.01783153828373,1.0409740232745897,37.85307847614943,14.577098745750815,Evening,Monday,18.037296920680053,61.93129743563027,14.723649268668742,11.492756176546411,7.0,Level 1,Long-Distance Traveler,0,1,0,1,0
User_171,Tesla Model 3,85.0,Station_117,Mumbai,2024-01-08 02:00:00,2024-01-08 03:26:00,118.89749038582065,0.9845492206293912,9.286497700383908,20.34244787321107,Night,Monday,27.64544589095541,90.29992272783537,103.95782513502562,18.405333154548053,1.0,Level 2,Casual Driver,1,2,0,1,0
User_173,Nissan Leaf,75.0,Station_368,Mumbai,2024-01-08 04:00:00,2024-01-08 05:40:00,41.15701390960357,3.473821821725668,32.59959954238724,37.20674099184738,Night,Monday,68.79319057276534,75.66889916419906,62.41285142986092,27.90141336477093,7.0,DC Fast Charger,Casual Driver,0,4,0,1,0
User_175,BMW i3,50.0,Station_168,Mumbai,2024-01-08 06:00:00,2024-01-08 08:55:00,71.14274635725945,1.7251361548508353,14.829910982037749,37.01632786110325,Afternoon,Saturday,73.16017408923142,75.75484663014795,150.27002206227104,17.424867055261124,5.0,DC Fast Charger,Long-Distance Traveler,0,6,0,1,0
User_181,Tesla Model 3,50.0,Station_183,Mumbai,2024-01-08 12:00:00,2024-01-08 14:13:00,21.82050636814289,0.8566172610118857,97.34225469987976,13.099598265236915,Afternoon,Sunday,78.27386156073143,76.89957102666605,240.7952117834277,10.336000341653476,5.0,Level 1,Long-Distance Traveler,0,12,0,1,0
User_183,Tesla Model 3,62.0,Station_152,Mumbai,2024-01-08 14:00:00,2024-01-08 15:12:00,47.3146093849059,0.9689769691243776,10.16337295016612,25.92447734982421,Afternoon,Sunday,40.48798796741036,98.82353364240996,260.6613918475854,23.72798354443762,5.0,Level 1,Casual Driver,0,14,0,1,0
User_189,Tesla Model 3,50.0,Station_496,Mumbai,2024-01-08 20:00:00,2024-01-08 22:42:00,63.62653233247981,2.0400221150977345,9.986771923019903,35.02872011996518,Afternoon,Sunday,41.006080032057206,71.25331650755305,,5.098606887092302,1.0,Level 1,Commuter,0,20,0,1,0
User_190,Chevy Bolt,50.0,Station_212,Mumbai,2024-01-08 21:00:00,2024-01-08 23:48:00,8.349591228417406,2.3126750622410013,47.48218948900026,19.75286860317101,Morning,Sunday,43.32205190716476,62.97068755428872,311.63040806348147,3.0496907704113987,5.0,Level 1,Long-Distance Traveler,0,21,0,1,0
User_200,BMW i3,62.0,Station_132,Mumbai,2024-01-09 07:00:00,2024-01-09 08:37:00,13.485195325551771,2.6653684817410275,29.8731055066718,27.32232283114741,Night,Monday,82.88645336185421,52.65258829558403,,-5.680662911301151,1.0,DC Fast Charger,Commuter,0,7,1,1,0
User_207,Hyundai Kona,85.0,Station_108,Mumbai,2024-01-09 14:00:00,2024-01-09 14:59:00,70.99471727287802,0.7763584975843215,12.561412323109137,13.170142015527924,Morning,Friday,72.89524752521268,68.05110317943193,189.3786646114632,4.756515891650823,7.0,Level 1,Long-Distance Traveler,0,14,1,1,0
User_209,BMW i3,89.03206382512313,Station_205,Mumbai,2024-01-09 16:00:00,2024-01-09 18:06:00,78.64289917152071,0.6089750827569935,34.823950999988426,31.44978443865144,Afternoon,Wednesday,74.3486809069066,50.72443430796444,,21.9585410958577,6.0,Level 2,Commuter,0,16,1,1,0
User_211,Chevy Bolt,85.0,Station_155,Mumbai,2024-01-09 18:00:00,2024-01-09 18:43:00,75.18617180833594,3.623184645772829,53.174782799295336,14.735387089264703,Evening,Tuesday,17.16005127164052,64.31018702277949,150.0470023654809,24.92336832058132,5.0,Level 1,Casual Driver,0,18,1,1,0
User_218,BMW i3,75.0,Station_436,Mumbai,2024-01-10 01:00:00,2024-01-10 02:24:00,15.273666673214588,2.865108393074641,5.370384189809226,7.629495457533647,Night,Friday,86.95322411290303,85.1364391530881,113.66850091386252,6.864161791222809,6.0,DC Fast Charger,Long-Distance Traveler,0,1,2,1,0
User_226,Tesla Model 3,50.0,Station_338,Mumbai,2024-01-10 09:00:00,2024-01-10 12:43:00,44.15948700741327,3.976851392100341,23.75243531899124,5.550200360620744,Morning,Thursday,81.45214550820731,89.29358320332949,33.56494022873299,-5.3327737761469285,7.0,Level 1,Long-Distance Traveler,0,9,2,1,0
User_228,Nissan Leaf,50.0,Station_181,Mumbai,2024-01-10 11:00:00,2024-01-10 14:15:00,20.46478094414017,3.6470085095575575,18.59949061237613,7.674183154955661,Morning,Wednesday,18.13415171447935,56.11481331797653,62.929956055320496,25.428088214299088,7.0,Level 1,Casual Driver,0,11,2,1,0
User_233,BMW i3,120.510632768573,Station_275,Mumbai,2024-01-10 16:00:00,2024-01-10 17:12:00,68.82528250979368,2.465336095706008,16.93561005158484,33.86154812607529,Afternoon,Monday,70.75160734375731,55.33183817144085,139.0348046627528,-1.96611908491008,0.0,Level 1,Commuter,0,16,2,1,0
User_235,Tesla Model 3,62.0,Station_492,Mumbai,2024-01-10 18:00:00,2024-01-10 21:14:00,22.572882450288343,2.1684917614988493,41.52667160468071,9.084707242086369,Evening,Friday,18.855647655655325,98.32393364522612,139.22221781498155,1.565003653899847,3.0,DC Fast Charger,Long-Distance Traveler,0,18,2,1,0
User_252,BMW i3,100.0,Station_263,Mumbai,2024-01-11 11:00:00,2024-01-11 14:09:00,22.275712407676338,2.3128773289248614,18.209034298086348,24.41374839022287,Morning,Wednesday,83.64021009068946,59.25917190505719,114.54068138039771,21.749940963028862,3.0,DC Fast Charger,Long-Distance Traveler,0,11,3,1,0
User_254,Chevy Bolt,75.0,Station_302,Mumbai,2024-01-11 13:00:00,2024-01-11 16:19:00,61.1175287370132,2.710755712940239,28.40157855499124,20.04094214431461,Night,Sunday,28.71589130188672,52.96116985862483,172.6673987833455,-3.13350858069093,1.0,Level 2,Long-Distance Traveler,0,13,3,1,0
User_268,Tesla Model 3,75.0,Station_442,Mumbai,2024-01-12 03:00:00,2024-01-12 05:00:00,36.53187940069507,2.65165086059227,5.092837673638758,32.239952816246024,Evening,Sunday,80.02092861263984,75.52594738649499,97.7257585439812,11.301642472241197,7.0,DC Fast Charger,Long-Distance Traveler,0,3,4,1,0
User_274,BMW i3,50.0,Station_400,Mumbai,2024-01-12 09:00:00,2024-01-12 11:38:00,47.904097938603606,1.161237733936936,22.06190557198344,35.041753477710785,Night,Thursday,48.97534202307546,75.49040404239132,32.237616796183886,-2.996197814862219,5.0,Level 1,Commuter,0,9,4,1,0
User_277,Hyundai Kona,100.0,Station_71,Mumbai,2024-01-12 12:00:00,2024-01-12 13:22:00,79.0022597060318,3.893154871495159,26.97742286397169,11.287504381096449,Night,Friday,22.533751566678475,93.29783009724342,39.74600722869755,7.684356808228177,3.0,Level 2,Commuter,0,12,4,1,0
User_287,BMW i3,75.0,Station_121,Mumbai,2024-01-12 22:00:00,2024-01-13 01:53:00,51.62169093377357,1.303555581123807,43.16138737357078,28.15164637395491,Afternoon,Monday,22.787479040018432,58.6624943861943,185.95215211232087,7.936964700801351,7.0,Level 1,Casual Driver,0,22,4,1,0
User_290,BMW i3,75.0,Station_63,Mumbai,2024-01-13 01:00:00,2024-01-13 04:16:00,70.62045542020036,0.637026904969773,18.33554745794532,14.738211793244965,Morning,Saturday,25.723471642871232,99.585814595444,188.46379155896125,-4.842996855241946,2.0,Level 1,Commuter,0,1,5,1,1
User_292,Tesla Model 3,75.0,Station_436,Mumbai,2024-01-13 03:00:00,2024-01-13 05:43:00,32.52486104511656,2.287496504307609,31.5531561687629,10.03602310243687,Evening,Thursday,23.42576752983394,83.74262073596746,294.05825875693694,25.92667701462242,2.0,DC Fast Charger,Long-Distance Traveler,0,3,5,1,1
User_293,Tesla Model 3,100.0,Station_68,Mumbai,2024-01-13 04:00:00,2024-01-13 05:17:00,78.39905610034737,0.5318848035877057,29.753158714478868,34.301109962055534,Night,Sunday,49.66021029282839,83.24626253232046,119.78864790850731,-9.296045390619858,1.0,Level 1,Commuter,0,4,5,1,1
User_299,BMW i3,75.0,Station_108,Mumbai,2024-01-13 10:00:00,2024-01-13 12:38:00,23.99396127242872,3.269542110243809,32.933970559947454,20.65067387235964,Evening,Tuesday,87.85226345162022,75.36398822746145,205.17024168903671,5.918020657224009,5.0,Level 2,Long-Distance Traveler,0,10,5,1,1
User_305,Chevy Bolt,100.0,Station_417,Mumbai,2024-01-13 16:00:00,2024-01-13 19:41:00,23.54038391979749,2.5925972772690966,3.508161487393433,23.220087806019023,Evening,Thursday,17.170614248794294,39.31920167051178,192.85689131728176,14.538649316116311,4.0,Level 2,Casual Driver,0,16,5,1,1
User_308,BMW i3,85.0,Station_216,Mumbai,2024-01-13 19:00:00,2024-01-13 22:38:00,46.45478115373152,3.93657053723412,42.83848279850626,5.06404815023892,Morning,Tuesday,12.793089168257392,70.71797256504605,3.824527427420319,26.51176747373154,1.7554439348812885,Level 1,Commuter,0,19,5,1,1
User_310,Hyundai Kona,100.0,Station_98,Mumbai,2024-01-13 21:00:00,2024-01-14 00:10:00,66.17491556109752,1.5908913989608646,4.096052506150107,37.05502096460268,Night,Wednesday,57.51855751045613,59.21834420857712,19.842550619791872,12.62900174508787,2.0,DC Fast Charger,Casual Driver,0,21,5,1,1
User_316,Nissan Leaf,50.0,Station_484,Mumbai,2024-01-14 03:00:00,2024-01-14 05:16:00,55.420912210556,3.6744100257396752,39.08038684912086,11.678020987060137,Morning,Thursday,74.61169023972576,62.05991728356241,204.67136761932085,-9.366179122075463,1.0,DC Fast Charger,Commuter,0,3,6,1,1
User_331,Chevy Bolt,85.0,Station_276,Mumbai,2024-01-14 18:00:00,2024-01-14 21:50:00,14.503455142567915,2.240834005432468,37.65992488009884,11.910831368910282,Morning,Tuesday,51.14214596336595,99.98660421478364,168.0448614464392,12.24739891359942,3.0,Level 2,Commuter,0,18,6,1,1
User_335,BMW i3,62.0,Station_183,Mumbai,2024-01-14 22:00:00,2024-01-15 00:47:00,103.81260559148436,3.5254454687342496,16.59138266956989,17.66922822732998,Night,Friday,52.79679327470648,89.3517921097638,99.9410054242442,8.330158355627752,3.100169235250924,Level 2,Casual Driver,0,22,6,1,1
User_338,BMW i3,62.0,Station_322,Mumbai,2024-01-15 01:00:00,2024-01-15 02:54:00,62.19283345936647,0.5552103642000609,20.452512310927712,19.47699463384489,Morning,Saturday,24.3852455984819,88.82972948026371,277.7232644606139,14.276251340517549,4.0,DC Fast Charger,Long-Distance Traveler,0,1,0,1,0
User_345,Nissan Leaf,85.0,Station_238,Mumbai,2024-01-15 08:00:00,2024-01-15 10:14:00,40.161421851143096,2.517973871979124,28.479962126485365,13.37000578755204,Evening,Wednesday,35.04453497731117,94.56359194190472,93.99523169765295,13.354387166466346,2.0,DC Fast Charger,Casual Driver,0,8,0,1,0
User_346,Nissan Leaf,62.0,Station_134,Mumbai,2024-01-15 09:00:00,2024-01-15 11:59:00,42.51736091943514,0.9297646566647816,39.91263736239426,7.234439776855737,Morning,Saturday,88.94643474449397,63.743344919418114,191.0776829422596,10.333196461649678,4.0,Level 2,Casual Driver,0,9,0,1,0
User_356,Chevy Bolt,75.0,Station_222,Mumbai,2024-01-15 19:00:00,2024-01-15 22:11:00,10.450657832354688,1.4282962338251743,39.893826100669024,32.560979001782584,Afternoon,Wednesday,82.76444286202731,60.77776334578708,85.92100724905812,20.63494735094825,0.0,Level 2,Long-Distance Traveler,0,19,0,1,0
User_357,BMW i3,100.0,Station_373,Mumbai,2024-01-15 20:00:00,2024-01-15 23:40:00,30.80566200277668,1.0378600717476725,18.97988934768992,18.353195110709667,Night,Saturday,60.727202748946425,61.20655136874687,155.71449022041207,29.11438026886234,5.0,Level 2,Casual Driver,0,20,0,1,0
User_361,BMW i3,77.60847805142836,Station_480,Mumbai,2024-01-16 00:00:00,2024-01-16 01:18:00,73.09045077014305,1.7540479473185384,30.388803808157416,9.59516379366146,Morning,Tuesday,29.666501463197683,99.8568507681671,227.7259802260517,2.5942497264893376,7.0,DC Fast Charger,Casual Driver,0,0,1,1,0
User_362,BMW i3,75.0,Station_48,Mumbai,2024-01-16 01:00:00,2024-01-16 02:20:00,26.992344080966543,3.548983525567543,46.58137118308024,36.50047332152248,Morning,Monday,23.69485787229742,56.10531021153972,237.51102046374248,25.10961224820208,1.0,Level 2,Commuter,0,1,1,1,0
User_374,Chevy Bolt,75.0,Station_11,Mumbai,2024-01-16 13:00:00,2024-01-16 14:48:00,52.90446366869147,1.5469560347093554,15.572055588337298,18.542883936181408,Night,Saturday,89.8386106965979,97.49538046654772,36.74369480038644,32.57385369012299,3.0,Level 2,Long-Distance Traveler,0,13,1,1,0
User_382,Hyundai Kona,75.0,Station_293,Mumbai,2024-01-16 21:00:00,2024-01-17 00:39:00,43.46656510070571,3.617078160426682,23.2230159227094,17.85819103265846,Evening,Friday,70.60042407643812,89.35441575561919,71.32019242761334,33.10903959748327,4.0,Level 2,Long-Distance Traveler,0,21,1,1,0
User_387,Nissan Leaf,50.0,Station_454,Mumbai,2024-01-17 02:00:00,2024-01-17 04:13:00,54.88401335852117,1.8867705056862327,6.98513680525674,6.555981504933964,Night,Saturday,64.28041814613954,82.38389625223746,127.07132090658584,30.593877927821687,2.8179017172438234,Level 1,Commuter,0,2,2,1,0
User_391,Tesla Model 3,75.0,Station_328,Mumbai,2024-01-17 06:00:00,2024-01-17 08:36:00,36.047577386304056,1.645779959820823,49.85189638729916,7.461577393955386,Evening,Tuesday,46.32842585884544,52.15170916533472,57.6589438038869,6.876897281568692,4.0,Level 2,Casual Driver,0,6,2,1,0
User_392,Hyundai Kona,62.0,Station_149,Mumbai,2024-01-17 07:00:00,2024-01-17 08:51:00,31.73575031358406,1.96195761837512,11.129872762551232,11.73930093741448,Evening,Wednesday,58.968752752506965,81.66823961304,87.27410521974205,-9.56906362005498,3.0,Level 1,Casual Driver,0,7,2,1,0
User_393,Hyundai Kona,85.0,Station_377,Mumbai,2024-01-17 08:00:00,2024-01-17 08:39:00,64.5382469650896,3.970999800756029,17.56016007058113,32.97335649279925,Evening,Tuesday,17.189637655147195,57.13538346069592,258.3785312145929,12.326389479259715,7.0,Level 2,Commuter,0,8,2,1,0
User_400,Nissan Leaf,75.0,Station_35,Mumbai,2024-01-17 15:00:00,2024-01-17 16:34:00,69.44996147928137,1.0662067473464614,49.4167326886436,15.3072450251239,Morning,Thursday,27.56248158524955,63.29227669048761,150.11184678792918,37.899071590588136,7.0,Level 1,Casual Driver,0,15,2,1,0
User_404,Hyundai Kona,62.0,Station_266,Mumbai,2024-01-17 19:00:00,2024-01-17 20:30:00,79.46231190835228,2.895348986072257,25.4125201652172,18.27246951475344,Evening,Wednesday,28.461230838653726,49.09641537645538,48.23161874464395,32.538820532000145,3.0,DC Fast Charger,Long-Distance Traveler,0,19,2,1,0
User_412,Nissan Leaf,50.0,Station_10,Mumbai,2024-01-18 03:00:00,2024-01-18 06:25:00,27.04710323077237,1.109637723285248,4.5216315423165945,33.45756611305026,Afternoon,Monday,52.03296567632051,105.6169219318498,58.72601728426816,20.56538826962948,3.0,DC Fast Charger,Commuter,0,3,3,1,0
User_417,Nissan Leaf,100.0,Station_446,Mumbai,2024-01-18 08:00:00,2024-01-18 11:31:00,5.650181738384828,0.6399514507924429,11.667438213057288,25.630101905021245,Morning,Saturday,58.40045758268339,65.01799108616504,83.26552535518786,23.05944662777797,6.0,DC Fast Charger,Casual Driver,0,8,3,1,0
User_423,Nissan Leaf,69.44504561307087,Station_4,Mumbai,2024-01-18 14:00:00,2024-01-18 15:49:00,72.71574852972469,0.6821324319309614,32.25343212250283,28.119461561042414,Afternoon,Monday,28.898519624791028,57.73534409312983,151.6213286334007,4.485795959215874,2.0,DC Fast Charger,Commuter,0,14,3,1,0
User_424,Nissan Leaf,85.0,Station_426,Mumbai,2024-01-18 15:00:00,2024-01-18 15:44:00,61.92710360384021,0.7984037862290121,25.27459825729891,27.12255886984625,Morning,Wednesday,73.65740811728803,93.02610697458002,,7.685197904873899,3.0,DC Fast Charger,Commuter,0,15,3,1,0
User_432,Tesla Model 3,62.0,Station_338,Mumbai,2024-01-18 23:00:00,2024-01-19 01:50:00,33.39817875530706,2.4550069759789315,14.420929224434923,15.413120726098814,Morning,Tuesday,23.344139229666805,68.13930114934985,23.106882718779463,27.28334185780242,2.0,DC Fast Charger,Long-Distance Traveler,0,23,3,1,0
User_434,Chevy Bolt,50.0,Station_19,Mumbai,2024-01-19 01:00:00,2024-01-19 03:48:00,74.54048485931233,3.5910798729146616,16.935868935365697,28.374687430584363,Evening,Saturday,51.814911293300895,76.07639192771855,31.43841720184454,10.74680104545826,2.0,Level 2,Casual Driver,0,1,4,1,0
User_438,Chevy Bolt,100.0,Station_330,Mumbai,2024-01-19 05:00:00,2024-01-19 06:30:00,76.49931986653537,3.007714521664014,37.44551097801787,31.94888426577516,Evening,Thursday,24.87475155858137,58.71010168215999,59.59145482959687,45.75334767132824,2.0,Level 2,Commuter,0,5,4,1,0
User_452,BMW i3,85.0,Station_250,Mumbai,2024-01-19 19:00:00,2024-01-19 19:59:00,63.83060874636528,2.4586525201777665,38.13906947158999,6.759900462406749,Evening,Thursday,11.083545913952166,74.4052795934412,295.9873020763941,13.919159881889572,2.044744282084336,Level 2,Casual Driver,0,19,4,1,0
User_456,Nissan Leaf,62.0,Station_228,Mumbai,2024-01-19 23:00:00,2024-01-20 00:17:00,65.18392768549774,2.408337111546665,38.57770532755983,33.18646283163397,Night,Saturday,17.729717562967462,82.79136169634214,254.2166123575022,17.14920107046611,1.0,Level 1,Commuter,0,23,4,1,0
User_460,Chevy Bolt,75.0,Station_112,Mumbai,2024-01-20 03:00:00,2024-01-20 05:38:00,21.030519654584147,2.84441668585701,8.332992518212054,8.848458661676297,Night,Saturday,16.00498510621164,70.4098916045716,157.67642915027503,35.80057735935224,2.081759465331221,DC Fast Charger,Commuter,0,3,5,1,1
User_469,Tesla Model 3,39.297422534529126,Station_438,Mumbai,2024-01-20 12:00:00,2024-01-20 15:51:00,21.002230102472843,1.8634359746913327,26.2327228750375,33.58178281533068,Night,Friday,32.27555920443467,58.86833854431998,216.6864603163302,37.19955857157731,7.0,Level 2,Commuter,0,12,5,1,1
User_478,Tesla Model 3,75.0,Station_20,Mumbai,2024-01-20 21:00:00,2024-01-21 00:43:00,34.80201788379793,0.8520497980881836,16.59673017522612,28.327978747958777,Night,Wednesday,64.52432585147629,57.798200960914784,,14.224294146774383,2.0,DC Fast Charger,Casual Driver,0,21,5,1,1
User_483,Nissan Leaf,75.0,Station_129,Mumbai,2024-01-21 02:00:00,2024-01-21 02:30:00,41.95057477332522,1.020998813824791,39.25700470430688,21.597698150736534,Evening,Monday,89.07810182357422,96.16384199258748,44.225821881158815,11.050774885480116,7.0,DC Fast Charger,Commuter,0,2,6,1,1
User_488,Chevy Bolt,62.0,Station_189,Mumbai,2024-01-21 07:00:00,2024-01-21 07:44:00,11.48343148800489,3.621537943128784,21.47990189129317,13.026780016677543,Night,Friday,35.53501680990728,91.07521077036716,267.40126313418483,-9.30581701543396,0.0,DC Fast Charger,Long-Distance Traveler,0,7,6,1,1
User_491,Tesla Model 3,85.0,Station_44,Mumbai,2024-01-21 10:00:00,2024-01-21 10:37:00,15.254170728009932,3.308464005125461,6.762530033811055,1.6408028431791564,Evening,Thursday,42.74181829169473,88.23131388421965,263.8277791210288,-2.2583171498135663,5.166465086368807,Level 1,Commuter,0,10,6,1,1
User_492,Hyundai Kona,85.0,Station_330,Mumbai,2024-01-21 11:00:00,2024-01-21 12:43:00,45.06853330402873,1.7125795757007114,41.03311513860815,7.398448665378677,Night,Sunday,51.66193909108173,92.05776182737962,76.48391316423336,37.01416735411192,6.0,Level 1,Long-Distance Traveler,0,11,6,1,1
User_495,Hyundai Kona,75.0,Station_378,Mumbai,2024-01-21 14:00:00,2024-01-21 16:23:00,64.87047474097292,3.233908961731549,38.98816936527054,5.197590769591839,Night,Tuesday,26.65071179350475,56.36477070018802,90.13480940146296,27.33409428258677,4.0,Level 1,Casual Driver,0,14,6,1,1
User_496,Tesla Model 3,50.0,Station_390,Mumbai,2024-01-21 15:00:00,2024-01-21 17:56:00,25.13233553126914,1.899860256838659,16.20549350507357,32.61585546839829,Night,Monday,25.684348116376185,94.52863671218913,127.43001739522587,40.25549685924228,4.0,Level 1,Commuter,0,15,6,1,1
User_504,Chevy Bolt,85.0,Station_120,Mumbai,2024-01-21 23:00:00,2024-01-21 23:50:00,67.45124177150385,0.8496021129916236,45.01922284159334,28.342279046305563,Evening,Friday,36.06774243125904,61.52733401108259,277.48917187603246,20.70521874101495,0.0,DC Fast Charger,Casual Driver,0,23,6,1,1
User_506,Tesla Model 3,75.0,Station_405,Mumbai,2024-01-22 01:00:00,2024-01-22 02:26:00,21.819378736342376,1.9892515706143985,,34.257801575049726,Evening,Monday,77.2186383638102,96.7728077802988,199.5727451903281,38.08420737879896,7.0,Level 1,Casual Driver,0,1,0,1,0
User_521,BMW i3,85.0,Station_352,Mumbai,2024-01-22 16:00:00,2024-01-22 17:47:00,60.12372287224216,2.96901443494091,30.659343811920305,19.62727719701224,Night,Friday,30.09851054515697,86.75793989597003,205.5531188351665,34.63224698985543,6.0,DC Fast Charger,Long-Distance Traveler,0,16,0,1,0
User_529,Hyundai Kona,62.0,Station_426,Mumbai,2024-01-23 00:00:00,2024-01-23 03:28:00,28.578878080059383,0.9772797884793448,18.89050926115035,36.55775619079015,Afternoon,Wednesday,25.487878220389383,91.46611949979288,268.4562979471927,17.67509365493429,3.0,DC Fast Charger,Long-Distance Traveler,0,0,1,1,0
User_530,Hyundai Kona,62.0,Station_32,Mumbai,2024-01-23 01:00:00,2024-01-23 02:39:00,21.13404477845307,3.8985181427387454,32.29204570108007,10.727151242021655,Night,Sunday,44.7142151570006,79.20117923596027,72.353761687005,-1.2121201955981975,5.0,Level 2,Long-Distance Traveler,0,1,1,1,0
User_533,Nissan Leaf,50.0,Station_25,Mumbai,2024-01-23 04:00:00,2024-01-23 07:57:00,79.39006382394219,2.714307815753389,19.137789169043728,21.852678261217125,Morning,Saturday,63.91237041956912,87.44451136593865,,14.461304343531758,4.0,Level 2,Commuter,0,4,1,1,0
User_539,Nissan Leaf,85.0,Station_232,Mumbai,2024-01-23 10:00:00,2024-01-23 13:48:00,43.46656510070571,4.141746358801111,34.692069171764906,32.20611679850356,Morning,Thursday,49.716870276033006,75.84852337134393,,-8.771230052957904,2.0,Level 2,Casual Driver,0,10,1,1,0
User_555,Hyundai Kona,85.0,Station_84,Mumbai,2024-01-24 02:00:00,2024-01-24 03:42:00,64.60983161155823,1.2268943338915914,3.991359551432321,37.08082728686741,Morning,Wednesday,21.98287036518241,72.93984362354989,116.17711903418054,17.109240531180074,4.0,Level 1,Long-Distance Traveler,0,2,2,1,0
User_560,BMW i3,62.0,Station_402,Mumbai,2024-01-24 07:00:00,2024-01-24 10:54:00,34.38288065090023,2.52093306902836,6.558201297307768,22.876376599421903,Night,Sunday,51.16789790994329,88.32990473257357,108.5921418798638,-9.825102181584937,7.0,Level 1,Long-Distance Traveler,0,7,2,1,0
User_564,BMW i3,75.0,Station_72,Mumbai,2024-01-24 11:00:00,2024-01-24 14:31:00,37.42669941100735,2.3535244577998764,16.98014038038876,5.466831569207942,Afternoon,Tuesday,94.43594757344395,90.53708519645944,136.9591350117216,15.356177546750448,6.0,Level 1,Casual Driver,0,11,2,1,0
User_567,Chevy Bolt,85.0,Station_172,Mumbai,2024-01-24 14:00:00,2024-01-24 15:10:00,75.62248861139022,1.7472795766236338,16.791473726872688,30.054618552317088,Morning,Sunday,72.63725302405064,68.33086515542429,214.7186173410384,38.10561785008211,2.0,DC Fast Charger,Commuter,0,14,2,1,0
User_570,Chevy Bolt,75.0,Station_343,Mumbai,2024-01-24 17:00:00,2024-01-24 19:05:00,66.85109294209524,2.5875618711459563,20.271139390382576,38.77129432172354,Evening,Tuesday,24.351228207169505,61.21435182464796,297.8937853253713,35.225496991923336,4.0,DC Fast Charger,Long-Distance Traveler,0,17,2,1,0
User_571,Nissan Leaf,62.0,Station_436,Mumbai,2024-01-24 18:00:00,2024-01-24 21:31:00,32.34799932603372,3.9146817966881247,15.17023591981323,16.523471173362076,Morning,Sunday,71.05173681313087,83.00801293723802,254.04364446976447,11.657679772471806,1.0,DC Fast Charger,Casual Driver,0,18,2,1,0
User_576,Hyundai Kona,100.0,Station_218,Mumbai,2024-01-24 23:00:00,2024-01-25 01:14:00,10.241885891596077,0.5636985725286845,21.45769290155509,15.089082188488137,Evening,Monday,30.14072124145576,85.00767893682871,61.68334147225403,16.339936826956954,2.0,Level 2,Long-Distance Traveler,0,23,2,1,0
User_589,BMW i3,62.0,Station_275,Mumbai,2024-01-25 12:00:00,2024-01-25 13:14:00,71.97510217973728,1.057536323648838,23.65002521190977,32.02073544910948,Morning,Monday,63.10375471060478,63.99918589403212,103.9155587984807,21.52620216393159,5.0,Level 2,Commuter,0,12,3,1,0
User_594,Nissan Leaf,62.0,Station_208,Mumbai,2024-01-25 17:00:00,2024-01-25 18:44:00,75.40700953728192,3.1544865399763964,17.72970871647675,9.081870690631083,Evening,Sunday,32.02965792973367,101.60527923430952,93.79222804570132,12.45705780248593,0.0,Level 2,Commuter,0,17,3,1,0
User_599,Hyundai Kona,85.0,Station_309,Mumbai,2024-01-25 22:00:00,2024-01-25 22:49:00,28.279857147188363,2.6937194091618064,13.226974760476542,24.9637246919867,Evening,Tuesday,62.57412042187828,88.35855052582593,190.6843550232037,12.38716532742395,0.0,Level 2,Commuter,0,22,3,1,0
User_602,BMW i3,50.0,Station_57,Mumbai,2024-01-26 01:00:00,2024-01-26 04:26:00,21.4227595329351,0.7348796153422308,9.18907742881566,28.072895576530428,Afternoon,Monday,86.49476539812044,52.98111185901106,74.38130924687583,12.043850042390211,7.0,DC Fast Charger,Commuter,0,1,4,1,0
User_609,Nissan Leaf,50.0,Station_339,Mumbai,2024-01-26 08:00:00,2024-01-26 10:37:00,22.016443610220865,1.2691575992195072,41.19625063945213,35.94010097989639,Morning,Monday,23.665610919342743,74.89872941823225,236.5735610243411,11.544380927607264,0.0,Level 1,Casual Driver,0,8,4,1,0
User_618,Nissan Leaf,85.0,Station_76,Mumbai,2024-01-26 17:00:00,2024-01-26 20:44:00,49.73870005239731,2.0155172553936804,32.868369584228795,19.584955491591103,Night,Wednesday,85.7276473198578,52.82854414772641,272.1851200948879,7.812917020555137,6.0,DC Fast Charger,Commuter,0,17,4,1,0
User_620,BMW i3,100.0,Station_459,Mumbai,2024-01-26 19:00:00,2024-01-26 22:58:00,44.95337165292389,1.5923756223747267,34.04003943718871,26.378650513303967,Night,Saturday,66.85003619045646,61.31395762559154,232.2448941320328,22.59449152426216,5.0,Level 1,Casual Driver,0,19,4,1,0
User_622,Nissan Leaf,62.0,Station_156,Mumbai,2024-01-26 21:00:00,2024-01-26 23:51:00,44.06215479055562,2.714331888364399,12.637728429568222,5.449246048885791,Morning,Sunday,74.68318533575786,73.06427881282285,10.898430607673127,3.802174549018837,3.0,Level 2,Casual Driver,0,21,4,1,0
User_628,Nissan Leaf,75.0,Station_258,Mumbai,2024-01-27 03:00:00,2024-01-27 06:14:00,38.5981394103895,1.369419618363992,26.562952201212457,45.044269358732905,Evening,Saturday,37.92749853459692,75.10094365242409,298.319221457481,6.161191380180163,6.0,Level 2,Long-Distance Traveler,0,3,5,1,1
User_639,BMW i3,62.0,Station_254,Mumbai,2024-01-27 14:00:00,2024-01-27 17:04:00,79.75044564145941,3.433463839618764,,12.674896170841464,Evening,Saturday,19.733751440310023,69.3314433824692,187.4594569554162,29.394453538783672,3.0,DC Fast Charger,Commuter,0,14,5,1,1
User_640,Hyundai Kona,85.0,Station_188,Mumbai,2024-01-27 15:00:00,2024-01-27 18:21:00,66.89909636313753,2.7694854642977385,39.324141107074205,17.09197469429383,Morning,Tuesday,22.593136047374216,75.40468288713939,227.4271614039156,-4.073387952520587,6.0,DC Fast Charger,Commuter,0,15,5,1,1
User_642,Hyundai Kona,50.0,Station_32,Mumbai,2024-01-27 17:00:00,2024-01-27 19:11:00,40.05179662487088,1.0397449093656566,26.32801687036438,36.04711966045228,Morning,Saturday,21.78035695349116,92.3319815886202,114.7560838987734,30.28535775941765,2.0,DC Fast Charger,Casual Driver,0,17,5,1,1
User_644,Chevy Bolt,62.0,Station_485,Mumbai,2024-01-27 19:00:00,2024-01-27 21:03:00,38.36041212940863,1.2969834264391895,38.34376389041496,10.22554197002394,Night,Tuesday,72.50501027428835,86.30071771574521,281.0252124025229,5.501271668564232,4.0,DC Fast Charger,Long-Distance Traveler,0,19,5,1,1
User_645,Hyundai Kona,75.0,Station_397,Mumbai,2024-01-27 20:00:00,2024-01-27 23:21:00,6.337534264521747,0.9414062476062164,4.315961671253241,12.547932563551504,Morning,Wednesday,44.29225742818147,55.5236463027372,170.92055240618774,26.70894079525074,4.0,Level 1,Long-Distance Traveler,0,20,5,1,1
User_646,Nissan Leaf,100.0,Station_5,Mumbai,2024-01-27 21:00:00,2024-01-27 22:17:00,6.978771350415376,2.891860216001961,35.788923541786666,23.11595887064034,Morning,Tuesday,23.831531591573373,78.77996734336779,76.9515940823401,27.35537042917752,6.0,DC Fast Charger,Casual Driver,0,21,5,1,1
User_648,Hyundai Kona,50.0,Station_330,Mumbai,2024-01-27 23:00:00,2024-01-28 02:29:00,62.42036136933443,2.500035280187061,29.90830340221348,8.075374255374006,Night,Thursday,119.0511074773042,50.38374047794385,263.5031195019603,23.667158357363988,0.0,DC Fast Charger,Casual Driver,0,23,5,1,1
User_661,Hyundai Kona,75.0,Station_412,Mumbai,2024-01-28 12:00:00,2024-01-28 14:11:00,23.83688010187143,2.85364923342141,12.329512359502848,36.23594103516018,Night,Sunday,63.198836279094415,73.81270846074626,192.32269501445737,29.028763662192333,2.8254819703558147,Level 1,Commuter,0,12,6,1,1
User_662,Nissan Leaf,47.65326137555467,Station_416,Mumbai,2024-01-28 13:00:00,2024-01-28 15:15:00,29.34959503888956,2.5597015729885912,30.32389571922,13.507211702937916,Morning,Tuesday,72.6049992234139,22.27521584720757,95.2684455561382,36.69341868132973,1.0,Level 1,Commuter,0,13,6,1,1
User_670,Tesla Model 3,50.0,Station_65,Mumbai,2024-01-28 21:00:00,2024-01-28 22:46:00,69.71594630744188,3.783098445775636,10.063093768622078,37.11929536882584,Evening,Saturday,20.432310798427924,79.51998829798639,205.7699162392264,-4.47805197297919,4.0,DC Fast Charger,Long-Distance Traveler,0,21,6,1,1
User_672,Tesla Model 3,50.0,Station_11,Mumbai,2024-01-28 23:00:00,2024-01-28 23:57:00,69.42235104080157,1.9373668689894512,9.88982074193077,10.834958906592462,Evening,Monday,29.13398078893268,99.88715307218884,74.04370796256828,37.268214954491775,5.0,DC Fast Charger,Casual Driver,0,23,6,1,1
User_676,Hyundai Kona,105.55496694435764,Station_421,Mumbai,2024-01-29 03:00:00,2024-01-29 06:54:00,48.50288659256919,3.2569565894463173,43.60970746385774,13.984073654590322,Night,Monday,28.208935069265067,64.31222001060793,94.94198697812332,23.88774269762121,4.0,Level 2,Casual Driver,0,3,0,1,0
User_678,Chevy Bolt,75.0,Station_221,Mumbai,2024-01-29 05:00:00,2024-01-29 08:50:00,45.47118879513778,2.957746789429136,48.01145593400727,7.388725698983668,Morning,Sunday,56.83137688293154,89.62384238551863,289.7879843555108,26.50442557179917,6.0,Level 1,Commuter,0,5,0,1,0
User_686,Tesla Model 3,75.0,Station_424,Mumbai,2024-01-29 13:00:00,2024-01-29 15:54:00,51.20692408624951,1.2881060252543053,9.977877021843266,24.57716643900033,Afternoon,Wednesday,67.38758549248693,59.75759842874595,178.11509933838914,12.322504555568166,5.0,Level 2,Commuter,0,13,0,1,0
User_687,Hyundai Kona,101.10298785881888,Station_461,Mumbai,2024-01-29 14:00:00,2024-01-29 17:01:00,7.275443511373867,2.6906032551566943,21.06032430839848,34.654040907546545,Night,Saturday,12.88478096498137,72.4517483132095,66.80027139939963,26.953658531337915,0.0,Level 2,Commuter,0,14,0,1,0
User_694,Tesla Model 3,85.0,Station_68,Mumbai,2024-01-29 21:00:00,2024-01-29 23:53:00,47.19744469005413,1.551271282498898,23.43002274979381,9.9884727910293,Night,Friday,74.87748787760317,94.07356949467206,278.9265238402248,28.41994109024357,7.0,Level 1,Casual Driver,0,21,0,1,0
User_700,Nissan Leaf,62.0,Station_409,Mumbai,2024-01-30 03:00:00,2024-01-30 05:34:00,24.401133035107133,1.478023096097471,31.115244479482783,24.13463552360136,Afternoon,Tuesday,65.98351536998533,51.25486777484991,32.039490764758696,23.590289730681064,0.0,Level 1,Long-Distance Traveler,0,3,1,1,0
User_708,Chevy Bolt,193.0030738908944,Station_220,Mumbai,2024-01-30 11:00:00,2024-01-30 12:32:00,42.74479256756108,1.180162501458162,40.205987598054165,14.255748276568443,Evening,Saturday,19.56303215617694,67.79633548104113,119.4883558366469,-4.172668306472096,4.0,Level 2,Casual Driver,0,11,1,1,0
User_713,Nissan Leaf,75.0,Station_244,Mumbai,2024-01-30 16:00:00,2024-01-30 16:59:00,45.9092521544369,0.7087385462007003,26.312150401609657,11.234497775213969,Night,Tuesday,40.71611726313112,97.28846478393484,194.2513955234278,28.40385151251196,5.0,Level 2,Commuter,0,16,1,1,0
User_714,Chevy Bolt,75.0,Station_182,Mumbai,2024-01-30 17:00:00,2024-01-30 20:36:00,8.115370261050328,1.978147576860484,,26.846863527631847,Evening,Saturday,22.18992507323624,99.6280979332727,223.4058066531342,33.691150813162494,0.0,DC Fast Charger,Long-Distance Traveler,0,17,1,1,0
User_718,Nissan Leaf,50.0,Station_197,Mumbai,2024-01-30 21:00:00,2024-01-30 23:01:00,21.308572550577523,3.735302162259872,28.04359239194004,39.92534587197503,Night,Tuesday,78.29829103715065,91.71603560211943,198.7338105752665,-5.46532879033326,1.0,DC Fast Charger,Casual Driver,0,21,1,1,0
User_724,BMW i3,50.0,Station_106,Mumbai,2024-01-31 03:00:00,2024-01-31 06:56:00,55.30273056094204,2.544566059466172,37.34746081473556,24.08202573037472,Morning,Thursday,71.91664638264722,88.37524193738372,106.93964742381894,30.18843916487025,1.0,Level 2,Commuter,0,3,2,1,0
User_727,BMW i3,7.714516853958186,Station_58,Mumbai,2024-01-31 06:00:00,2024-01-31 07:15:00,36.22941276064402,1.8856890276693925,11.093063212886497,31.09005934380914,Evening,Monday,43.356673917181936,91.9403167511568,144.45037199616232,17.39682580808664,1.0,Level 2,Casual Driver,0,6,2,1,0
User_728,Nissan Leaf,62.0,Station_78,Mumbai,2024-01-31 07:00:00,2024-01-31 08:33:00,12.350406115320627,1.4995568792791971,44.0476453908667,24.30929723635528,Night,Wednesday,47.07173172848,68.83315695012828,,15.009867293225184,4.0,DC Fast Charger,Long-Distance Traveler,0,7,2,1,0
User_734,Nissan Leaf,75.0,Station_33,Mumbai,2024-01-31 13:00:00,2024-01-31 16:39:00,68.24465321163233,3.375570509411532,49.36125110170392,33.36036096937211,Evening,Wednesday,57.90799490448934,88.30938417267018,276.3925880192631,14.826203728258427,2.0,Level 1,Long-Distance Traveler,0,13,2,1,0
User_739,BMW i3,100.0,Station_101,Mumbai,2024-01-31 18:00:00,2024-01-31 19:52:00,6.0651617128073525,3.597765518900319,46.62351208569203,16.178031410568018,Morning,Sunday,19.6468972894588,71.19100274361134,92.40439692859523,27.292127036877663,3.697095409121533,DC Fast Charger,Long-Distance Traveler,0,18,2,1,0
User_746,Chevy Bolt,62.0,Station_166,Mumbai,2024-02-01 01:00:00,2024-02-01 02:15:00,41.76664809903056,4.592690577362033,21.83372402809416,36.70441022498065,Afternoon,Friday,42.35837562463637,51.49172570737395,14.592443203376243,38.812689198806495,6.0,Level 1,Casual Driver,0,1,3,2,0
User_750,Chevy Bolt,81.36841583065208,Station_83,Mumbai,2024-02-01 05:00:00,2024-02-01 06:56:00,57.97765788877307,2.8590803131057148,6.499187934882619,14.338233635908136,Evening,Thursday,58.30868499503002,63.86610505130568,114.88329577828593,7.636850332176735,5.0,DC Fast Charger,Long-Distance Traveler,0,5,3,2,0
User_751,BMW i3,75.0,Station_182,Mumbai,2024-02-01 06:00:00,2024-02-01 08:42:00,74.107522176834,2.224661483996816,45.69740274799046,14.75800919301738,Evening,Wednesday,72.90390528618417,51.69102215864916,177.20888715663634,3.262503247831619,3.0,Level 2,Casual Driver,0,6,3,2,0
User_758,Nissan Leaf,50.0,Station_336,Mumbai,2024-02-01 13:00:00,2024-02-01 15:25:00,64.37713244013099,2.3148600166084794,15.256569201592624,8.811798668810745,Afternoon,Monday,15.586956248765569,98.80776450626408,199.75840075880325,25.40739975553059,3.0,Level 2,Long-Distance Traveler,0,13,3,2,0
User_770,Tesla Model 3,75.0,Station_309,Mumbai,2024-02-02 01:00:00,2024-02-02 02:51:00,15.5583755009174,0.7554430886481931,44.4507308475323,28.836485666134458,Morning,Monday,83.20214244739164,61.22134406044192,243.8284443691261,25.900154834299123,1.0,Level 2,Casual Driver,0,1,4,2,0
User_771,Hyundai Kona,50.0,Station_146,Mumbai,2024-02-02 02:00:00,2024-02-02 03:36:00,40.736704801536966,2.534525414269769,9.86675920918086,36.57452173026415,Night,Friday,33.926486820365405,67.69533120051153,119.09691886890435,13.546928925511413,0.0,DC Fast Charger,Long-Distance Traveler,0,2,4,2,0
User_776,Tesla Model 3,62.0,Station_226,Mumbai,2024-02-02 07:00:00,2024-02-02 08:26:00,20.51871405095877,3.6465830452467833,27.173537456201768,13.372001440926574,Afternoon,Tuesday,83.59048180230292,159.98890318877596,286.44000986240627,22.479689206672177,5.0,Level 1,Long-Distance Traveler,0,7,4,2,0
User_777,Nissan Leaf,62.0,Station_105,Mumbai,2024-02-02 08:00:00,2024-02-02 08:56:00,13.587964735173609,3.517065236537333,40.8117293500724,37.89794295883204,Night,Monday,67.80447254927141,58.52581792723408,103.52119282347734,4.53362309385305,7.0,DC Fast Charger,Commuter,0,8,4,2,0
User_779,Chevy Bolt,50.0,Station_260,Mumbai,2024-02-02 10:00:00,2024-02-02 12:22:00,73.37136541275711,3.0226327639717203,45.50795122340724,11.868121617666544,Afternoon,Wednesday,62.52618043388769,62.34091279224722,180.45248661608585,7.7234244347131025,4.0,Level 1,Commuter,0,10,4,2,0
User_785,Hyundai Kona,75.0,Station_207,Mumbai,2024-02-02 16:00:00,2024-02-02 18:02:00,43.46656510070571,1.7745536936435893,29.837585806361783,36.88590080048155,Afternoon,Wednesday,41.49585704461199,54.94247646333063,38.02248829943296,5.459169954751816,6.0,Level 2,Commuter,0,16,4,2,0
User_790,Tesla Model 3,85.0,Station_116,Mumbai,2024-02-02 21:00:00,2024-02-02 22:45:00,43.254517140810776,3.210764372243644,19.278035722978235,13.374711200908711,Night,Tuesday,16.42986703126396,85.24212847364188,156.19622550598012,27.8175569749438,1.0,Level 1,Commuter,0,21,4,2,0
User_797,Hyundai Kona,62.0,Station_218,Mumbai,2024-02-03 04:00:00,2024-02-03 05:10:00,10.241885891596077,1.394747102580713,29.216213685823107,34.65331381094593,Evening,Sunday,14.961669635907109,70.51180081437839,295.9150268898221,18.15385475237356,3.0,DC Fast Charger,Commuter,0,4,5,2,1
User_805,Nissan Leaf,75.0,Station_170,Mumbai,2024-02-03 12:00:00,2024-02-03 12:42:00,8.918418777562092,1.556936695800068,16.241963359211958,8.640023654066123,Night,Thursday,16.990405001559274,55.82664102960632,15.21342604109595,9.113968186390393,1.2086330827192395,Level 1,Long-Distance Traveler,0,12,5,2,1
User_815,Nissan Leaf,75.0,Station_433,Mumbai,2024-02-03 22:00:00,2024-02-04 00:55:00,27.00471085893386,3.441490897751581,46.41136085382428,38.52706303941375,Morning,Sunday,88.18011161914227,61.43525685750637,298.87018569212825,8.774037214793669,2.0,DC Fast Charger,Casual Driver,0,22,5,2,1
User_816,BMW i3,50.0,Station_59,Mumbai,2024-02-03 23:00:00,2024-02-04 02:40:00,6.661747206218264,4.110062624376016,10.890131082923729,30.89770568563907,Evening,Monday,83.28204154815583,65.00624640464159,,20.515455923408773,6.0,Level 2,Commuter,0,23,5,2,1
User_817,Tesla Model 3,100.0,Station_457,Mumbai,2024-02-04 00:00:00,2024-02-04 01:20:00,53.648424429654725,3.4085422116998423,47.29035525269705,14.665039144930637,Evening,Saturday,21.455270566975216,98.16391585359358,292.8722924029989,12.025622631533851,2.0,DC Fast Charger,Commuter,0,0,6,2,1
User_834,Tesla Model 3,105.28706772872856,Station_299,Mumbai,2024-02-04 17:00:00,2024-02-04 19:09:00,43.46656510070571,1.8514635743950645,8.126977132962137,37.22043016811803,Evening,Thursday,45.283321780522144,15.717975166062086,276.5598512019276,-0.2693344662253594,6.0,DC Fast Charger,Long-Distance Traveler,0,17,6,2,1
User_836,BMW i3,140.7620615787216,Station_439,Mumbai,2024-02-04 19:00:00,2024-02-04 21:18:00,60.08034819074353,2.0783051276167948,46.15424524259217,17.111067835808612,Night,Tuesday,37.69074850745198,93.80110629341414,221.89677790062672,-10.724769747493202,6.0,DC Fast Charger,Long-Distance Traveler,0,19,6,2,1
User_847,BMW i3,75.0,Station_452,Mumbai,2024-02-05 06:00:00,2024-02-05 08:58:00,61.56734925121615,3.710275407997624,41.31627181654345,8.421126909886086,Evening,Saturday,17.25267949273368,58.87841174048256,279.5167461006761,-2.209581899400622,1.0,Level 1,Long-Distance Traveler,0,6,0,2,0
User_851,Chevy Bolt,62.0,Station_492,Mumbai,2024-02-05 10:00:00,2024-02-05 13:50:00,22.572882450288343,2.96014748988195,25.291575946285857,22.224804227965933,Night,Saturday,51.55000841686424,74.1444021005201,49.07601045956073,24.4117939298946,0.0,Level 1,Commuter,0,10,0,2,0
User_855,BMW i3,62.0,Station_214,Mumbai,2024-02-05 14:00:00,2024-02-05 15:58:00,51.492346382026085,3.911579304355655,35.21951803944553,21.37952635523394,Night,Tuesday,62.1223748292006,81.29379863432871,32.48464488487498,-4.123444524751449,5.0,Level 1,Long-Distance Traveler,0,14,0,2,0
User_860,Chevy Bolt,75.0,Station_124,Mumbai,2024-02-05 19:00:00,2024-02-05 19:43:00,44.76974192287614,0.640695419402568,20.59023557865744,29.60976805245256,Evening,Saturday,64.11014685239297,90.55214709137564,168.5338077245869,24.25815610704501,2.0,Level 2,Commuter,0,19,0,2,0
User_861,Tesla Model 3,75.0,Station_305,Mumbai,2024-02-05 20:00:00,2024-02-05 20:30:00,38.2137648106408,1.8886282402986057,35.89219701227775,22.234546494499146,Morning,Sunday,88.25641630399335,73.26212814178669,239.29101175136364,3.05617342337616,6.0,DC Fast Charger,Long-Distance Traveler,0,20,0,2,0
User_868,Hyundai Kona,75.0,Station_44,Mumbai,2024-02-06 03:00:00,2024-02-06 05:14:00,40.257196883863706,1.4415487593554557,17.9473945941715,18.66412192940177,Afternoon,Friday,28.841329486807112,85.27530270966454,61.05376918138752,31.60235687836392,6.0,Level 2,Long-Distance Traveler,0,3,1,2,0
User_869,Nissan Leaf,62.0,Station_415,Mumbai,2024-02-06 04:00:00,2024-02-06 06:56:00,51.20288962549678,1.4470566363634036,45.19091647032926,39.19681508089824,Afternoon,Friday,75.55734011955374,56.56750423592851,129.48975674563343,15.648404225046924,0.0,DC Fast Charger,Commuter,0,4,1,2,0
User_882,Hyundai Kona,62.0,Station_145,Mumbai,2024-02-06 17:00:00,2024-02-06 18:58:00,77.45420995738992,3.308261928438673,29.413406694147984,5.691471521503251,Afternoon,Tuesday,80.65255109296433,90.08739343768669,238.8650097724857,2.2490551695889742,4.0,Level 1,Long-Distance Traveler,0,17,1,2,0
User_885,Tesla Model 3,88.86922406551787,Station_333,Mumbai,2024-02-06 20:00:00,2024-02-06 21:59:00,20.17078858180017,2.450451566049088,40.42078195542164,37.25540969211843,Morning,Sunday,31.556926298671403,97.82793195403904,96.25331245523712,2.844132917910557,2.0,DC Fast Charger,Commuter,0,20,1,2,0
User_893,Nissan Leaf,100.0,Station_356,Mumbai,2024-02-07 04:00:00,2024-02-07 06:52:00,39.93276466234457,2.7059188482942824,49.1166092730102,20.716565418626857,Morning,Sunday,43.60824251245972,54.32016802359381,327.39309338387187,8.663582494800384,5.0,DC Fast Charger,Commuter,0,4,2,2,0
User_904,BMW i3,50.0,Station_34,Mumbai,2024-02-07 15:00:00,2024-02-07 17:51:00,6.268235994227531,5.67378871319114,,7.738396235199668,Night,Friday,65.99350198707378,140.38304771786375,151.07981113467872,25.068744940906804,1.0,Level 1,Commuter,0,15,2,2,0
User_910,Nissan Leaf,62.0,Station_42,Mumbai,2024-02-07 21:00:00,2024-02-07 22:37:00,20.84637781774533,1.4997710475131931,26.5778147612731,15.767656361659448,Night,Friday,61.833523772810935,85.03607836550964,139.37076700591442,-2.376886289788956,4.0,DC Fast Charger,Long-Distance Traveler,0,21,2,2,0
User_918,Tesla Model 3,50.0,Station_358,Mumbai,2024-02-08 05:00:00,2024-02-08 08:09:00,37.610115032737085,3.4417237794551143,21.067668668395044,32.77849498569771,Night,Saturday,30.60283601924668,101.90518140943736,14.91695623231132,38.34082129198921,1.0,DC Fast Charger,Commuter,0,5,3,2,0
User_919,Hyundai Kona,100.0,Station_475,Mumbai,2024-02-08 06:00:00,2024-02-08 08:25:00,38.00957724097448,2.83023631240392,6.590228457006733,7.7791034285937855,Evening,Sunday,48.29442033601399,98.25239498716788,233.1699557622304,-4.148661344077772,1.0,DC Fast Charger,Commuter,0,6,3,2,0
User_923,Hyundai Kona,62.0,Station_405,Mumbai,2024-02-08 10:00:00,2024-02-08 12:33:00,10.336644191193582,3.7142891016254302,,31.68579535950141,Evening,Saturday,32.98603195247169,84.16649567791455,47.535445644345366,5.194911284624943,7.0,DC Fast Charger,Long-Distance Traveler,0,10,3,2,0
User_929,Tesla Model 3,75.0,Station_78,Mumbai,2024-02-08 16:00:00,2024-02-08 16:44:00,37.1185672622842,0.563718560861195,8.690646595879642,15.122031062185169,Evening,Monday,39.79613148030942,91.68222793303246,18.941504107479027,-0.5426394244535891,5.404853321424032,Level 2,Casual Driver,0,16,3,2,0
User_933,Nissan Leaf,50.0,Station_49,Mumbai,2024-02-08 20:00:00,2024-02-08 23:37:00,45.6603131979625,2.505972271289247,40.67941803976215,31.626641565435182,Evening,Wednesday,67.9052419126301,65.23658770368718,168.81408681033815,22.739546013745937,6.0,Level 2,Long-Distance Traveler,0,20,3,2,0
User_941,Nissan Leaf,50.0,Station_308,Mumbai,2024-02-09 04:00:00,2024-02-09 07:21:00,58.74152298342496,2.91425796993607,19.94270234661768,20.60863905916641,Night,Wednesday,19.42640522822153,59.51725759017592,46.37042315883061,-0.0042983103351286,6.0,DC Fast Charger,Long-Distance Traveler,0,4,4,2,0
User_951,BMW i3,62.0,Station_141,Mumbai,2024-02-09 14:00:00,2024-02-09 17:55:00,33.47231506142258,3.2985827797971496,43.48176399161749,33.63724165215696,Afternoon,Wednesday,76.46236262295349,81.41249704737655,27.77005155169898,8.656254905347547,6.0,Level 2,Long-Distance Traveler,0,14,4,2,0
User_960,Tesla Model 3,100.0,Station_108,Mumbai,2024-02-09 23:00:00,2024-02-10 00:27:00,72.08924276832295,2.496163491704368,7.494575511011551,20.2886237220764,Night,Friday,22.9005078019988,94.2082551923395,87.67871773454391,3.9270317882741193,4.0,Level 1,Long-Distance Traveler,0,23,4,2,0
User_973,Hyundai Kona,50.0,Station_312,Mumbai,2024-02-10 12:00:00,2024-02-10 14:10:00,45.81366156734756,3.4441791955691783,17.354640600950866,7.400772164276351,Night,Saturday,68.4341184931085,86.79517154359726,235.8378260434116,28.43121149441489,0.0,DC Fast Charger,Long-Distance Traveler,0,12,5,2,1
User_979,Chevy Bolt,62.0,Station_182,Mumbai,2024-02-10 18:00:00,2024-02-10 20:34:00,75.52338506958138,3.3269171700461,24.890919200595857,10.102581232719707,Afternoon,Monday,82.54484839850262,70.70118042446026,125.5393819263934,0.5816117003472154,2.0,DC Fast Charger,Long-Distance Traveler,0,18,5,2,1
User_988,BMW i3,100.0,Station_57,Mumbai,2024-02-11 03:00:00,2024-02-11 06:28:00,77.63851676623986,3.577530942531314,8.125454971256818,33.52441775674893,Morning,Saturday,23.24454736787144,94.69156133251312,67.03337523282886,-3.3862931111228143,7.0,Level 2,Commuter,0,3,6,2,1
User_993,BMW i3,75.0,Station_193,Mumbai,2024-02-11 08:00:00,2024-02-11 09:26:00,53.95698169820941,3.737052894016936,17.874744589794915,14.88744925604982,Night,Monday,89.97564874838083,95.03577021009548,17.094461724531058,6.800062381671708,2.0,Level 2,Long-Distance Traveler,0,8,6,2,1
User_998,Tesla Model 3,85.0,Station_227,Mumbai,2024-02-11 13:00:00,2024-02-11 14:59:00,46.61987332807575,1.5627877600816036,7.38868633786724,16.706821284341984,Morning,Friday,70.09449291993268,59.04290082900266,210.7494443666301,-0.4607568221114935,5.0,DC Fast Charger,Long-Distance Traveler,0,13,6,2,1
User_1002,BMW i3,50.0,Station_153,Mumbai,2024-02-11 17:00:00,2024-02-11 19:12:00,6.443672288667047,2.6345294176538347,14.992418440021032,8.85537738528694,Night,Tuesday,81.59731029150917,84.92637814847063,11.742221498100374,-4.27530532725275,7.0,Level 1,Long-Distance Traveler,0,17,6,2,1
User_1009,BMW i3,50.0,Station_436,Mumbai,2024-02-12 00:00:00,2024-02-12 01:00:00,62.0462303749696,0.9227646505635444,18.562655792808293,37.54757320064963,Afternoon,Sunday,88.39122579769648,77.93392383324964,43.027865145970566,-0.9664435909539096,5.0,DC Fast Charger,Casual Driver,0,0,0,2,0
User_1017,Hyundai Kona,100.0,Station_471,Mumbai,2024-02-12 08:00:00,2024-02-12 09:33:00,71.7085068763758,5.444091595791992,38.79607655154279,37.0958488332243,Afternoon,Saturday,12.22342319736624,77.413347343374,181.08912606726616,2.616126227153474,7.0,Level 1,Casual Driver,0,8,0,2,0
User_1028,Nissan Leaf,85.0,Station_211,Mumbai,2024-02-12 19:00:00,2024-02-12 21:06:00,44.01595165676219,1.3243102972703742,38.10527790601866,32.935373031196086,Afternoon,Saturday,73.34621767453042,78.15992983033394,78.1193777771749,5.879536154002451,5.0,Level 2,Casual Driver,0,19,0,2,0
User_1036,Tesla Model 3,60.65969098050447,Station_329,Mumbai,2024-02-13 03:00:00,2024-02-13 04:47:00,66.09153402649976,1.272887205572356,37.60056305645556,14.806468044597606,Evening,Tuesday,42.30136723646485,70.72631713302562,167.6635290519136,9.953924428737029,1.719888607934359,Level 2,Casual Driver,0,3,1,2,0
User_1041,Chevy Bolt,50.0,Station_63,Mumbai,2024-02-13 08:00:00,2024-02-13 10:43:00,44.88676331081039,2.041257190991683,28.977394499900573,7.093616314970899,Morning,Tuesday,81.95826163628871,70.54283762212998,184.68996325710148,22.75372165005944,7.0,DC Fast Charger,Long-Distance Traveler,0,8,1,2,0
User_1042,Nissan Leaf,100.0,Station_62,Mumbai,2024-02-13 09:00:00,2024-02-13 10:42:00,58.94085857253415,3.2053484932274814,43.70221210436277,37.33339444852493,Night,Saturday,82.36033129744631,92.03577293542216,81.1829007361303,19.457576528230543,6.0,Level 2,Long-Distance Traveler,0,9,1,2,0
User_1043,Chevy Bolt,109.79512826818667,Station_100,Mumbai,2024-02-13 10:00:00,2024-02-13 12:10:00,10.039817806428031,1.3029419693211222,,26.59423983035405,Evening,Monday,35.98360523295467,70.68328883636845,81.8210812984393,35.14516183263936,2.0,Level 1,Long-Distance Traveler,0,10,1,2,0
User_1045,Chevy Bolt,85.0,Station_17,Mumbai,2024-02-13 12:00:00,2024-02-13 15:15:00,29.758384839143087,2.1552441827737554,29.385047414670687,20.065330227901818,Morning,Sunday,10.813905445398316,36.548360117720776,51.20231810325872,-1.3533315020834618,1.0,DC Fast Charger,Casual Driver,0,12,1,2,0
User_1046,Chevy Bolt,75.0,Station_325,Mumbai,2024-02-13 13:00:00,2024-02-13 13:55:00,69.59647495660728,2.339041995533334,14.860688976543733,38.129495713530105,Afternoon,Tuesday,60.63891761828843,73.00925296352099,288.9795540720557,73.16958797465479,6.0,DC Fast Charger,Long-Distance Traveler,0,13,1,2,0
User_1050,Tesla Model 3,100.0,Station_246,Mumbai,2024-02-13 17:00:00,2024-02-13 20:28:00,8.234584116412151,0.9049933799223272,43.81287256129691,8.682242514755576,Morning,Sunday,23.358908235399383,97.6615848182109,298.7188568370856,38.56896076290053,3.0,Level 2,Commuter,0,17,1,2,0
User_1068,Hyundai Kona,62.0,Station_196,Mumbai,2024-02-14 11:00:00,2024-02-14 11:53:00,40.78700348086861,3.4318472030931444,11.03185074828479,22.864647844265804,Morning,Thursday,68.76134194190155,55.146158675613634,159.6155013686422,-0.6584932383603714,3.0,Level 1,Long-Distance Traveler,0,11,2,2,0
User_1072,Chevy Bolt,82.66681120678558,Station_325,Mumbai,2024-02-14 15:00:00,2024-02-14 17:29:00,18.79049305407434,1.639131350863248,38.26182988936178,39.51619105279963,Evening,Monday,41.7717522015893,67.06652608674831,,-2.736637603643607,3.0,Level 2,Long-Distance Traveler,0,15,2,2,0
User_1075,Hyundai Kona,85.0,Station_57,Mumbai,2024-02-14 18:00:00,2024-02-14 21:06:00,34.895113266087755,1.603396900811905,4.881436198623996,33.67501826994361,Afternoon,Friday,61.53265078264192,89.00103781384965,269.8883399506302,-6.428742353356784,1.0,Level 1,Casual Driver,0,18,2,2,0
User_1080,Nissan Leaf,78.43167081675972,Station_286,Mumbai,2024-02-14 23:00:00,2024-02-15 01:32:00,38.08536376892858,1.9490036808846656,1.6549370676991138,15.631651310622267,Evening,Saturday,11.83050192157471,97.62978359732809,135.7109313108204,-5.939205800025396,7.0,Level 1,Long-Distance Traveler,0,23,2,2,0
User_1084,Nissan Leaf,85.0,Station_279,Mumbai,2024-02-15 03:00:00,2024-02-15 06:02:00,68.56767860768713,1.5582031664365312,16.475471001557096,24.53486845772067,Afternoon,Saturday,68.2737038427022,93.57394709925563,92.04491202728217,-9.831678296419836,2.0,Level 1,Casual Driver,0,3,3,2,0
User_1093,Nissan Leaf,75.0,Station_408,Mumbai,2024-02-15 12:00:00,2024-02-15 14:08:00,59.7683124702693,3.253943970799586,35.05498942171652,39.29790890976816,Evening,Monday,81.95499699157732,59.94650610625163,166.33276513833584,18.164643363551534,2.0,Level 2,Long-Distance Traveler,0,12,3,2,0
User_1094,Nissan Leaf,62.0,Station_188,Mumbai,2024-02-15 13:00:00,2024-02-15 13:56:00,36.70152016311202,1.8724897379065244,19.121932643865595,5.5556047627846725,Evening,Sunday,26.348198442271595,95.16288706703092,49.5508274275402,30.285847535845377,6.45400134455542,Level 1,Casual Driver,0,13,3,2,0
User_1100,Nissan Leaf,75.0,Station_76,Mumbai,2024-02-15 19:00:00,2024-02-15 21:12:00,15.729551165353076,3.8826745929591495,38.31515901166463,19.63377029752475,Morning,Friday,10.874271917419884,80.29223804479403,279.03137592803216,10.753377825339362,5.0,Level 2,Long-Distance Traveler,0,19,3,2,0
User_1101,Hyundai Kona,85.0,Station_148,Mumbai,2024-02-15 20:00:00,2024-02-15 22:40:00,34.077999734831565,2.364887014594136,12.59762021470088,19.570020631309163,Night,Monday,70.12447701929887,61.59652123034113,,5.369915824151569,1.0,Level 1,Commuter,0,20,3,2,0
User_1110,Chevy Bolt,50.0,Station_315,Mumbai,2024-02-16 05:00:00,2024-02-16 06:52:00,23.193290217345247,2.007710442831197,31.983192464080947,5.811559055529253,Night,Sunday,72.88118470947465,86.9355478700154,181.04984993024897,17.07536931702216,7.0,Level 1,Casual Driver,0,5,4,2,0
User_1114,Chevy Bolt,75.0,Station_380,Mumbai,2024-02-16 09:00:00,2024-02-16 11:47:00,9.206012694775316,2.2209072511181995,47.656167280886,19.80559333535846,Afternoon,Friday,25.18431669331104,80.23578040769863,200.88321813183416,20.77797923426645,6.0,Level 2,Commuter,0,9,4,2,0
User_1115,Chevy Bolt,100.0,Station_342,Mumbai,2024-02-16 10:00:00,2024-02-16 12:11:00,56.1150925022779,1.0574159301938304,5.488039505342126,16.347836099572703,Morning,Wednesday,22.3498792992591,80.08848451859055,81.96840140430736,36.59253901129126,7.0,Level 1,Commuter,0,10,4,2,0
User_1116,BMW i3,50.0,Station_146,Mumbai,2024-02-16 11:00:00,2024-02-16 12:47:00,15.898734225246953,3.165199902155342,40.44452192617549,12.067680362431084,Evening,Saturday,46.21839948967462,60.72812098502296,211.55286802898283,-5.068598813987704,7.0,Level 1,Long-Distance Traveler,0,11,4,2,0
User_1117,BMW i3,85.0,Station_368,Mumbai,2024-02-16 12:00:00,2024-02-16 15:26:00,41.15701390960357,3.2634983979053573,46.12968887401014,13.44237938239953,Morning,Friday,31.46784537988397,77.45210904111309,125.7627771543212,29.45421239656008,5.0,Level 2,Casual Driver,0,12,4,2,0
User_1120,Nissan Leaf,62.0,Station_27,Mumbai,2024-02-16 15:00:00,2024-02-16 15:59:00,90.23550358200892,1.28599016746863,4.841450613486008,35.028848193454564,Afternoon,Saturday,70.5520108342991,50.51807735388895,102.7551582816518,36.36832920185531,1.0,Level 1,Long-Distance Traveler,0,15,4,2,0
User_1121,Nissan Leaf,62.0,Station_220,Mumbai,2024-02-16 16:00:00,2024-02-16 16:34:00,18.1024722667836,1.9346884585896515,41.55273260700287,37.69680546679938,Night,Tuesday,33.300883156898145,99.70093459071948,51.23943380552032,1.1026309087301218,3.0,DC Fast Charger,Casual Driver,0,16,4,2,0
User_1128,Hyundai Kona,62.0,Station_72,Mumbai,2024-02-16 23:00:00,2024-02-17 01:18:00,79.97267190690829,1.1579435522661186,37.46218915223994,8.471445140596401,Morning,Sunday,75.82897474627676,67.97645021887641,117.69789331623232,16.052413139147863,5.0,Level 1,Casual Driver,0,23,4,2,0
User_1129,BMW i3,50.0,Station_310,Mumbai,2024-02-17 00:00:00,2024-02-17 01:09:00,5.163807087916792,3.910006446044101,5.2652032847754455,7.411839346111376,Night,Monday,32.17142732636586,56.7239574164585,45.400598655642405,-9.824574766427832,2.0,DC Fast Charger,Casual Driver,0,0,5,2,1
User_1141,Hyundai Kona,85.0,Station_200,Mumbai,2024-02-17 12:00:00,2024-02-17 13:48:00,45.45344885211073,1.4410908929776702,28.19404206423544,39.59705007618444,Night,Sunday,18.30616688088955,66.42847642409154,131.05424098801743,28.51369444569392,7.0,DC Fast Charger,Commuter,0,12,5,2,1
User_1144,Nissan Leaf,75.0,Station_35,Mumbai,2024-02-17 15:00:00,2024-02-17 17:48:00,59.16864335631949,2.765621656971513,15.222513527799864,18.816994774424376,Afternoon,Thursday,50.51010596682404,68.59776436636375,156.81023942343762,29.06368772467245,1.0,DC Fast Charger,Long-Distance Traveler,0,15,5,2,1
User_1149,Nissan Leaf,100.0,Station_158,Mumbai,2024-02-17 20:00:00,2024-02-17 22:01:00,77.12500791368723,1.2335246867841825,39.4290961711839,29.78525366156875,Morning,Friday,62.322640558525926,81.40719887465627,272.79517131853873,-3.663579908715522,1.0,Level 1,Casual Driver,0,20,5,2,1
User_1150,BMW i3,100.0,Station_4,Mumbai,2024-02-17 21:00:00,2024-02-17 21:53:00,8.28243853987389,1.2452884167132,11.017996608332188,27.32656051672617,Morning,Sunday,76.66998194035097,62.00647451732488,216.5024785007296,-2.645297430156881,2.0,DC Fast Charger,Commuter,0,21,5,2,1
User_1170,Hyundai Kona,100.0,Station_88,Mumbai,2024-02-18 17:00:00,2024-02-18 20:32:00,27.70606778534244,2.858349510172882,45.32674459013657,38.03642615891435,Afternoon,Tuesday,46.48302918515636,98.6273440219893,104.86167280604526,19.029287814233463,4.0,Level 1,Commuter,0,17,6,2,1
User_1179,Hyundai Kona,50.0,Station_108,Mumbai,2024-02-19 02:00:00,2024-02-19 04:09:00,5.755524649492359,2.2904466878175924,39.127025402318914,34.39969184774937,Evening,Monday,63.61556869644066,73.807350446242,107.66904425344254,18.962712202970867,3.0,DC Fast Charger,Commuter,0,2,0,2,0
User_1183,Hyundai Kona,100.0,Station_380,Mumbai,2024-02-19 06:00:00,2024-02-19 09:14:00,9.206012694775316,2.858817714150072,14.832917019534175,34.44812381475987,Morning,Thursday,46.607930464309526,66.14678806221944,280.54368535047314,18.455941632134504,7.0,DC Fast Charger,Casual Driver,0,6,0,2,0
User_1187,Tesla Model 3,75.0,Station_450,Mumbai,2024-02-19 10:00:00,2024-02-19 13:56:00,72.94073165721504,3.609229819666397,13.825035587120569,35.858869853499414,Night,Friday,44.08631934914307,61.937250516895816,19.30831574067269,38.666963309829576,6.0,DC Fast Charger,Casual Driver,0,10,0,2,0
User_1191,Hyundai Kona,50.0,Station_108,Mumbai,2024-02-19 14:00:00,2024-02-19 14:33:00,47.49433927265337,2.287832254990381,21.67222573589489,8.331034986055567,Afternoon,Saturday,58.68736692841344,84.9600964622972,116.65507846903554,-3.112536168985105,1.0,DC Fast Charger,Casual Driver,0,14,0,2,0
User_1203,Chevy Bolt,86.71809381532775,Station_162,Mumbai,2024-02-20 02:00:00,2024-02-20 04:20:00,61.63104965912597,2.942916165689722,20.391192291148027,32.96419115136705,Night,Wednesday,23.35781808377515,96.40888301425215,83.91991846336025,-6.983337242078843,3.0,Level 1,Long-Distance Traveler,0,2,1,2,0
User_1217,Chevy Bolt,75.0,Station_357,Mumbai,2024-02-20 16:00:00,2024-02-20 19:24:00,77.63234569193523,3.306874017578997,11.179014560862132,10.906383271837058,Evening,Friday,54.643859299661386,58.01818477546587,101.40291219481855,2.211083949613,2.0,DC Fast Charger,Commuter,0,16,1,2,0
User_1230,Hyundai Kona,54.03223627344708,Station_145,Mumbai,2024-02-21 05:00:00,2024-02-21 08:19:00,21.270741905550192,3.342356048760274,40.17685077355911,12.186151848164938,Morning,Saturday,23.97110917899692,90.94302580985588,75.72756438939092,31.34685758576334,6.0,DC Fast Charger,Commuter,0,5,2,2,0
User_1233,Tesla Model 3,50.0,Station_376,Mumbai,2024-02-21 08:00:00,2024-02-21 09:50:00,12.89314235582393,2.141299952042856,17.34136645625693,18.14399891450073,Morning,Wednesday,78.3928712319015,78.8159074874725,88.54041810511625,20.055112427461744,0.0,Level 2,Casual Driver,0,8,2,2,0
User_1237,Tesla Model 3,62.0,Station_231,Mumbai,2024-02-21 12:00:00,2024-02-21 14:50:00,43.46656510070571,1.2816026654590182,36.60130618123146,29.78148179519326,Night,Wednesday,76.96022949767347,83.75662148016092,11.76940924523808,12.235644570305125,1.0,Level 1,Commuter,0,12,2,2,0
User_1246,Chevy Bolt,50.0,Station_393,Mumbai,2024-02-21 21:00:00,2024-02-22 00:10:00,43.12603811805074,2.7653907898092647,5.76663577394962,21.59525253632176,Morning,Friday,69.61870824455913,77.39673449495889,167.61739202432804,31.05761683790547,2.124835503089215,Level 2,Commuter,0,21,2,2,0
User_1251,BMW i3,62.0,Station_24,Mumbai,2024-02-22 02:00:00,2024-02-22 03:26:00,11.321914132806013,1.8218096881056245,39.95811626207474,3.059041506634992,Morning,Saturday,59.77588685400556,53.00916603198095,111.69908224424638,-0.8868868986711951,5.0,Level 1,Long-Distance Traveler,0,2,3,2,0
User_1252,Chevy Bolt,50.0,Station_486,Mumbai,2024-02-22 03:00:00,2024-02-22 06:26:00,26.586710215463047,1.7244365892735611,24.4507632366001,25.204753813243112,Afternoon,Tuesday,77.97541226482085,91.45202017355768,191.38730149081587,5.320091462398006,1.0,Level 1,Long-Distance Traveler,0,3,3,2,0
User_1257,BMW i3,75.0,Station_259,Mumbai,2024-02-22 08:00:00,2024-02-22 09:25:00,5.892835163588776,1.2359897744455028,40.776826988908375,11.651157794244131,Afternoon,Saturday,12.90517914685882,57.543169274328136,100.99005497784172,16.892296483696548,1.0,Level 2,Commuter,0,8,3,2,0
User_1268,Hyundai Kona,100.0,Station_296,Mumbai,2024-02-22 19:00:00,2024-02-22 20:18:00,47.67827374967497,1.4249095724737948,37.74994617838915,36.54860154374506,Night,Monday,75.29020927180612,67.25319330916514,268.6951244624599,27.78096351062102,0.0,Level 1,Long-Distance Traveler,0,19,3,2,0
User_1271,Tesla Model 3,75.0,Station_302,Mumbai,2024-02-22 22:00:00,2024-02-23 01:06:00,61.1175287370132,0.5483777143412314,37.24649565538281,15.367365393001297,Evening,Monday,19.89094138704111,62.23223391052393,49.1226600425559,-2.462733809090223,4.0,Level 2,Commuter,0,22,3,2,0
User_1276,Nissan Leaf,62.0,Station_273,Mumbai,2024-02-23 03:00:00,2024-02-23 05:54:00,26.4440331229724,3.69223745793969,27.121429900667824,27.370437097760146,Morning,Sunday,63.48160387106212,80.47775508228382,265.5605629056878,14.39410549158626,3.0,Level 1,Commuter,0,3,4,2,0
User_1277,Tesla Model 3,100.0,Station_420,Mumbai,2024-02-23 04:00:00,2024-02-23 07:37:00,42.01795949517358,0.7302658470574883,13.302986684846337,13.08860586253993,Afternoon,Wednesday,55.03840484815587,70.45005705402863,1.899537885161329,14.641852951912686,5.0,DC Fast Charger,Long-Distance Traveler,0,4,4,2,0
User_1284,Nissan Leaf,50.0,Station_249,Mumbai,2024-02-23 11:00:00,2024-02-23 14:37:00,28.80292498005887,0.7584002476785885,45.5188443075354,20.89934494279457,Night,Friday,73.686855701566,81.23277626442751,22.3327261690371,-0.2573590462581006,3.0,DC Fast Charger,Casual Driver,0,11,4,2,0
User_1286,Tesla Model 3,100.0,Station_180,Mumbai,2024-02-23 13:00:00,2024-02-23 16:27:00,85.03985430629427,3.708384637781146,26.726596804263863,21.84379488300502,Evening,Sunday,32.3628019605393,55.98865792499279,279.86671797697693,22.669920271465017,7.0,Level 1,Casual Driver,0,13,4,2,0
User_1287,Chevy Bolt,50.0,Station_66,Mumbai,2024-02-23 14:00:00,2024-02-23 16:40:00,47.76784734327861,2.6794513868152903,32.994341529878724,30.85952282390842,Night,Thursday,13.70945350509201,97.58940532350752,221.535828133101,15.363257979506066,6.0,Level 1,Long-Distance Traveler,0,14,4,2,0
User_1288,Nissan Leaf,62.0,Station_308,Mumbai,2024-02-23 15:00:00,2024-02-23 16:12:00,57.45442116792438,1.121155294576189,35.730229366216896,26.414588326334982,Morning,Sunday,32.341871528002784,89.61714559071812,57.289510474044846,33.49059845332999,1.0,Level 2,Casual Driver,0,15,4,2,0
User_1290,Hyundai Kona,50.0,Station_171,Mumbai,2024-02-23 17:00:00,2024-02-23 18:19:00,49.53480945615692,0.8052844859460296,42.136989660963394,23.99606518101227,Night,Sunday,79.74068238394702,53.90525934622092,279.43866960065594,4.524374959716525,5.0,DC Fast Charger,Casual Driver,0,17,4,2,0
User_1294,Nissan Leaf,62.0,Station_107,Mumbai,2024-02-23 21:00:00,2024-02-23 22:06:00,8.315805795177543,0.7281019856402245,11.737244077708317,20.704259793721377,Morning,Tuesday,38.55338956745308,56.84768445949299,271.52553023252364,35.821776108815385,2.9288113312957407,Level 2,Long-Distance Traveler,0,21,4,2,0
User_1295,Chevy Bolt,50.0,Station_439,Mumbai,2024-02-23 22:00:00,2024-02-23 23:15:00,10.185000186311704,3.4114497040466847,29.830665356048325,18.81811200016332,Evening,Monday,63.63470752501935,22.88625803621484,83.87373833289341,26.52415547572475,6.0,Level 1,Commuter,0,22,4,2,0
User_1299,BMW i3,85.0,Station_442,Mumbai,2024-02-24 02:00:00,2024-02-24 03:49:00,21.795382498227173,1.171874031931034,37.73621870166026,27.460574765685376,Night,Saturday,55.13436223435677,68.54740388150834,39.03998202246087,-4.052803770997523,5.0,Level 2,Long-Distance Traveler,0,2,5,2,1
User_1304,Hyundai Kona,81.06203028867286,Station_103,Mumbai,2024-02-24 07:00:00,2024-02-24 10:41:00,43.46656510070571,1.6959583268821938,13.487242068137457,14.317811789290046,Morning,Friday,83.09120694320444,76.50122127635835,11.256661780006848,13.737856169812805,5.0,Level 1,Long-Distance Traveler,0,7,5,2,1
User_1312,Hyundai Kona,50.0,Station_13,Mumbai,2024-02-24 15:00:00,2024-02-24 18:53:00,74.27670057664027,2.8491514275571355,25.073544324039364,38.19400613708986,Night,Tuesday,41.34406167397294,50.4123412636568,194.7935438742961,7.731967314013154,3.0,Level 2,Commuter,0,15,5,2,1
User_1313,Nissan Leaf,75.0,Station_120,Mumbai,2024-02-24 16:00:00,2024-02-24 18:54:00,39.73385254628378,1.2492962907593128,21.395605777560547,19.413665080852823,Morning,Tuesday,55.86361499761188,85.12226222000578,,24.108952961291443,0.0,Level 1,Casual Driver,0,16,5,2,1
