User ID,Vehicle Model,Battery Capacity (kWh),Charging Station ID,Charging Station Location,Charging Start Time,Charging End Time,Energy Consumed (kWh),Charging Duration (hours),Charging Rate (kW),Charging Cost (USD),Time of Day,Day of Week,State of Charge (Start %),State of Charge (End %),Distance Driven (since last charge) (km),Temperature (Â°C),Vehicle Age (years),Charger Type,User Type,is_consumption_outlier,hour,dayofweek,month,is_weekend
User_1,TATA Tiago,108.4630074,Station_391,Mumbai,01-01-2024 00:00,01-01-2024 00:39,60.71234573,0.591363425,36.38918057,13.08771679,Evening,Tuesday,29.37157598,86.11996244,293.6021106,27.94795306,2,DC Fast Charger,Commuter,0,0,0,1,0
User_4,Hyundai Kona,50,Station_327,Mumbai,01-01-2024 03:00,01-01-2024 06:42,79.45782399,1.266430805,32.88286976,13.03623883,Evening,Saturday,83.12000296,99.62432763,199.5777845,38.31631316,1,Level 1,Long-Distance Traveler,0,3,0,1,0
User_7,TATA Curvv,85,Station_162,Mumbai,01-01-2024 06:00,01-01-2024 07:53,36.86213999,3.539619026,26.18518786,22.21422518,Evening,Friday,60.75178076,70.7960969,81.33800891,27.55133468,4,Level 2,Commuter,0,6,0,1,0
User_14,MG Comet,75,Station_327,Mumbai,01-01-2024 13:00,01-01-2024 15:54,16.56106433,3.590965718,19.76909872,37.4418566,Morning,Friday,25.77541539,69.2012291,159.2316102,34.11034864,7,Level 2,Commuter,0,13,0,1,0
User_15,TATA Tiago,85,Station_96,Mumbai,01-01-2024 14:00,01-01-2024 17:32,12.92754529,3.421809338,24.21115012,18.55281568,Afternoon,Monday,71.68354384,63.70663794,155.3606054,39.50544569,4,Level 1,Casual Driver,0,14,0,1,0
User_25,Punch.EV,100,Station_150,Mumbai,02-01-2024 00:00,02-01-2024 01:55,27.60438468,0.95713766,11.23853863,24.03753469,Morning,Wednesday,65.48688658,65.35209627,173.4715265,35.97782192,4,Level 1,Long-Distance Traveler,0,0,1,1,0
User_27,TATA Curvv,75,Station_361,Mumbai,02-01-2024 02:00,02-01-2024 02:33,43.48775122,3.652540335,36.18237188,27.44831088,Afternoon,Thursday,88.74847907,87.824029,80.91266512,29.87220987,0.361215166,Level 1,Commuter,0,2,1,1,0
User_34,Punch.EV,62,Station_211,Mumbai,02-01-2024 09:00,02-01-2024 12:03,60.06708509,0.999100188,7.651570047,18.03439004,Afternoon,Monday,22.88146663,51.43427868,46.35755886,13.99159748,1,Level 2,Casual Driver,0,9,1,1,0
User_35,TATA Curvv,75,Station_402,Mumbai,02-01-2024 10:00,02-01-2024 13:32,57.72437946,1.873581597,4.485647105,35.50300017,Afternoon,Friday,41.87247964,79.64797277,157.614654,28.42980738,1.809172868,DC Fast Charger,Long-Distance Traveler,0,10,1,1,0
User_40,MG Comet,100,Station_23,Mumbai,02-01-2024 15:00,02-01-2024 16:50,68.17785004,3.242446058,23.31161908,8.498571937,Morning,Thursday,17.04042002,56.07865101,130.3760138,-3.191455366,2,Level 2,Long-Distance Traveler,0,15,1,1,0
User_42,Punch.EV,100,Station_461,Mumbai,02-01-2024 17:00,02-01-2024 18:15,39.39874236,2.397715361,20.46036487,26.61971775,Morning,Saturday,28.25229826,96.28709224,111.0165395,19.78108389,2.941663235,Level 2,Commuter,0,17,1,1,0
User_43,TATA Tiago,85,Station_391,Mumbai,02-01-2024 18:00,02-01-2024 20:53,12.04931971,1.373881358,29.46894436,32.0420986,Night,Saturday,36.63685216,66.97610432,83.24522143,39.41613092,4,Level 1,Commuter,0,18,1,1,0
User_55,TATA Curvv,100,Station_185,Mumbai,03-01-2024 06:00,03-01-2024 07:55,17.76943641,3.314079763,34.45824194,9.798498138,Evening,Thursday,27.69749249,70.51026725,166.311463,19.70335918,4,DC Fast Charger,Casual Driver,0,6,2,1,0
User_58,MG Comet,62,Station_130,Mumbai,03-01-2024 09:00,03-01-2024 12:59,77.86372676,0.917902247,47.1540098,28.30319112,Afternoon,Saturday,56.91742176,57.46568225,129.3894111,38.46677945,3,DC Fast Charger,Casual Driver,0,9,2,1,0
User_60,MG Comet,100,Station_378,Mumbai,03-01-2024 11:00,03-01-2024 12:15,71.28000416,2.413754937,40.61639923,6.744728812,Evening,Wednesday,26.15659795,89.92458853,140.4652132,33.05773081,5,Level 2,Casual Driver,0,11,2,1,0
User_61,MG Comet,62,Station_97,Mumbai,03-01-2024 12:00,03-01-2024 14:22,21.82768818,2.082100007,26.50712322,36.0680415,Evening,Tuesday,33.25598509,51.50113227,48.04438716,38.65644396,7,Level 1,Casual Driver,0,12,2,1,0
User_63,Hyundai Kona,124.3159114,Station_87,Mumbai,03-01-2024 14:00,03-01-2024 16:50,46.195137,0.650507579,47.87752356,30.86418086,Afternoon,Sunday,53.00518533,59.90164627,25.02725726,6.171256709,1,Level 2,Commuter,0,14,2,1,0
User_66,TATA Tiago,62,Station_208,Mumbai,03-01-2024 17:00,03-01-2024 18:46,59.25460166,1.279620696,,12.2204383,Night,Thursday,77.03697399,91.82927487,167.2975728,35.27145069,7,Level 2,Long-Distance Traveler,0,17,2,1,0
User_70,TATA Tiago,50,Station_35,Mumbai,03-01-2024 21:00,03-01-2024 22:47,67.00568214,3.608030961,4.092360865,14.42396639,Night,Monday,57.67766075,57.11286225,276.3684303,-2.724902766,4.122767457,Level 1,Long-Distance Traveler,0,21,2,1,0
User_72,Hyundai Kona,75,Station_67,Mumbai,03-01-2024 23:00,04-01-2024 00:36,61.13047583,0.947277209,23.28180496,37.14898173,Evening,Saturday,34.89904375,92.35566117,58.85531552,7.662649709,1,DC Fast Charger,Long-Distance Traveler,0,23,2,1,0
User_75,Hyundai Kona,85,Station_34,Mumbai,04-01-2024 02:00,04-01-2024 04:22,69.16916706,2.285242161,5.557358509,20.76646441,Afternoon,Wednesday,41.08904487,74.39951853,276.5748192,20.01432447,4,Level 1,Casual Driver,0,2,3,1,0
User_79,TATA Tiago,100,Station_151,Mumbai,04-01-2024 06:00,04-01-2024 09:55,30.65169982,1.028818667,28.52235334,39.32205438,Evening,Friday,38.12132999,81.19721084,12.14951668,-4.932743443,1,DC Fast Charger,Casual Driver,0,6,3,1,0
User_80,TATA Tiago,75,Station_71,Mumbai,04-01-2024 07:00,04-01-2024 07:41,59.98647673,3.7293654,23.41792115,15.68301656,Afternoon,Wednesday,88.09676846,96.13056859,281.7637403,15.06062245,0,Level 1,Commuter,0,7,3,1,0
User_85,Punch.EV,50,Station_82,Mumbai,04-01-2024 12:00,04-01-2024 13:09,57.92445004,1.261117293,12.53816191,19.81732291,Morning,Friday,49.87203405,54.26143302,64.13545484,1.825449687,1,Level 1,Casual Driver,0,12,3,1,0
User_93,TATA Curvv,85,Station_224,Mumbai,04-01-2024 20:00,04-01-2024 23:34,65.43101691,0.929486554,20.27269894,10.39565797,Night,Sunday,76.46681164,75.84995703,71.43600424,30.19970956,6,DC Fast Charger,Long-Distance Traveler,0,20,3,1,0
User_113,Hyundai Kona,100,Station_448,Mumbai,05-01-2024 16:00,05-01-2024 18:14,36.137269,2.449346455,36.37707579,7.87091787,Night,Sunday,48.61219347,95.83119936,48.11698069,32.30733829,1,DC Fast Charger,Casual Driver,0,16,4,1,0
User_115,Punch.EV,85,Station_56,Mumbai,05-01-2024 18:00,05-01-2024 21:02,43.44537898,1.405889911,,34.67514514,Morning,Friday,55.70562012,52.80830823,38.19901104,19.86952895,5,Level 1,Casual Driver,0,18,4,1,0
User_120,MG Comet,63.09631665,Station_62,Mumbai,05-01-2024 23:00,06-01-2024 00:20,47.7140959,1.176839308,,15.35252653,Night,Wednesday,49.53760262,57.93745966,214.4674794,34.27808119,1,DC Fast Charger,Casual Driver,0,23,4,1,0
User_125,Punch.EV,75,Station_494,Mumbai,06-01-2024 04:00,06-01-2024 07:42,64.41904929,3.190013103,24.62165118,28.99874331,Evening,Friday,49.17384524,62.34186035,230.4942718,25.3204757,2,Level 1,Long-Distance Traveler,0,4,5,1,1
User_130,Hyundai Kona,50,Station_127,Mumbai,06-01-2024 09:00,06-01-2024 12:53,35.55367093,3.536754115,45.8556972,23.36793048,Night,Tuesday,85.49045253,74.66057198,275.5742741,26.1334068,4,Level 1,Commuter,0,9,5,1,1
User_132,Hyundai Kona,100,Station_114,Mumbai,06-01-2024 11:00,06-01-2024 11:40,36.61656862,3.358014647,27.32114694,11.58486923,Afternoon,Sunday,66.55511783,56.23715391,69.23387008,24.52303877,7,Level 2,Long-Distance Traveler,0,11,5,1,1
User_133,TATA Tiago,50,Station_199,Mumbai,06-01-2024 12:00,06-01-2024 12:41,65.48719596,2.06628138,37.57728956,31.14502051,Evening,Thursday,42.83535123,83.70937054,102.2390727,17.52272767,6,DC Fast Charger,Long-Distance Traveler,0,12,5,1,1
User_134,Hyundai Kona,85,Station_13,Mumbai,06-01-2024 13:00,06-01-2024 16:19,33.88719708,3.625604853,18.6042609,24.4683204,Night,Monday,40.14074747,63.34760038,267.8436816,-4.160747933,2.778246566,DC Fast Charger,Long-Distance Traveler,0,13,5,1,1
User_138,MG Comet,85,Station_444,Mumbai,06-01-2024 17:00,06-01-2024 18:05,30.0651389,1.267429956,35.87112113,35.03863445,Night,Friday,13.94832346,93.59847436,122.7647597,33.0181713,1,DC Fast Charger,Long-Distance Traveler,0,17,5,1,1
User_141,Punch.EV,100,Station_474,Mumbai,06-01-2024 20:00,06-01-2024 21:02,47.37743937,1.299527036,48.16033463,28.11485499,Morning,Monday,23.63676232,68.05817011,,8.511630397,4,DC Fast Charger,Casual Driver,0,20,5,1,1
User_144,TATA Tiago,50,Station_74,Mumbai,06-01-2024 23:00,07-01-2024 02:18,78.69341922,2.856062565,36.56255637,7.639601311,Evening,Tuesday,38.19062073,82.43448923,17.2415972,12.73792455,7,Level 1,Long-Distance Traveler,0,23,5,1,1
User_146,TATA Tiago,85,Station_101,Mumbai,07-01-2024 01:00,07-01-2024 04:33,40.2483826,3.6354899,33.73226426,17.24311508,Night,Tuesday,45.0273134,77.80287971,28.45468193,38.96813601,6,DC Fast Charger,Commuter,0,1,6,1,1
User_155,TATA Curvv,50,Station_366,Mumbai,07-01-2024 10:00,07-01-2024 10:44,56.06879095,3.254362544,28.16853365,7.964297406,Afternoon,Monday,75.63146824,55.82273779,219.4318971,7.109435812,4,DC Fast Charger,Long-Distance Traveler,0,10,6,1,1
User_156,Punch.EV,62,Station_120,Mumbai,07-01-2024 11:00,07-01-2024 11:32,65.04979561,3.436820245,22.55945181,20.79767963,Night,Saturday,83.58728192,80.04211898,188.0781767,25.34429385,3,DC Fast Charger,Casual Driver,0,11,6,1,1
User_158,Hyundai Kona,50.87061708,Station_145,Mumbai,07-01-2024 13:00,07-01-2024 16:08,23.57128154,0.841961239,49.78371903,21.99640805,Night,Friday,51.07152573,79.00243297,267.3473926,-3.089617682,3,DC Fast Charger,Casual Driver,0,13,6,1,1
User_163,Hyundai Kona,85,Station_352,Mumbai,07-01-2024 18:00,07-01-2024 21:52,45.57396766,3.265855666,11.089827,34.02915242,Evening,Monday,45.7060602,87.23241205,217.5899277,-9.090468359,1,Level 2,Commuter,0,18,6,1,1
User_167,TATA Tiago,75,Station_137,Mumbai,07-01-2024 22:00,08-01-2024 00:01,54.6408791,3.249662139,19.70948849,18.84386067,Morning,Monday,27.0170636,85.53675893,130.551963,12.62950128,5,Level 1,Commuter,0,22,6,1,1
User_170,TATA Tiago,85,Station_273,Mumbai,08-01-2024 01:00,08-01-2024 02:16,56.01783154,1.040974023,37.85307848,14.57709875,Evening,Monday,18.03729692,61.93129744,14.72364927,11.49275618,7,Level 1,Long-Distance Traveler,0,1,0,1,0
User_171,Punch.EV,85,Station_117,Mumbai,08-01-2024 02:00,08-01-2024 03:26,118.8974904,0.984549221,9.2864977,20.34244787,Night,Monday,27.64544589,90.29992273,103.9578251,18.40533315,1,Level 2,Casual Driver,1,2,0,1,0
User_173,MG Comet,75,Station_368,Mumbai,08-01-2024 04:00,08-01-2024 05:40,41.15701391,3.473821822,32.59959954,37.20674099,Night,Monday,68.79319057,75.66889916,62.41285143,27.90141336,7,DC Fast Charger,Casual Driver,0,4,0,1,0
User_175,TATA Tiago,50,Station_168,Mumbai,08-01-2024 06:00,08-01-2024 08:55,71.14274636,1.725136155,14.82991098,37.01632786,Afternoon,Saturday,73.16017409,75.75484663,150.2700221,17.42486706,5,DC Fast Charger,Long-Distance Traveler,0,6,0,1,0
User_181,Punch.EV,50,Station_183,Mumbai,08-01-2024 12:00,08-01-2024 14:13,21.82050637,0.856617261,97.3422547,13.09959827,Afternoon,Sunday,78.27386156,76.89957103,240.7952118,10.33600034,5,Level 1,Long-Distance Traveler,0,12,0,1,0
User_183,Punch.EV,62,Station_152,Mumbai,08-01-2024 14:00,08-01-2024 15:12,47.31460938,0.968976969,10.16337295,25.92447735,Afternoon,Sunday,40.48798797,98.82353364,260.6613918,23.72798354,5,Level 1,Casual Driver,0,14,0,1,0
User_189,Punch.EV,50,Station_496,Mumbai,08-01-2024 20:00,08-01-2024 22:42,63.62653233,2.040022115,9.986771923,35.02872012,Afternoon,Sunday,41.00608003,71.25331651,,5.098606887,1,Level 1,Commuter,0,20,0,1,0
User_190,TATA Curvv,50,Station_212,Mumbai,08-01-2024 21:00,08-01-2024 23:48,8.349591228,2.312675062,47.48218949,19.7528686,Morning,Sunday,43.32205191,62.97068755,311.6304081,3.04969077,5,Level 1,Long-Distance Traveler,0,21,0,1,0
User_200,TATA Tiago,62,Station_132,Mumbai,09-01-2024 07:00,09-01-2024 08:37,13.48519533,2.665368482,29.87310551,27.32232283,Night,Monday,82.88645336,52.6525883,,-5.680662911,1,DC Fast Charger,Commuter,0,7,1,1,0
User_207,Hyundai Kona,85,Station_108,Mumbai,09-01-2024 14:00,09-01-2024 14:59,70.99471727,0.776358498,12.56141232,13.17014202,Morning,Friday,72.89524753,68.05110318,189.3786646,4.756515892,7,Level 1,Long-Distance Traveler,0,14,1,1,0
User_209,TATA Tiago,89.03206383,Station_205,Mumbai,09-01-2024 16:00,09-01-2024 18:06,78.64289917,0.608975083,34.823951,31.44978444,Afternoon,Wednesday,74.34868091,50.72443431,,21.9585411,6,Level 2,Commuter,0,16,1,1,0
User_211,TATA Curvv,85,Station_155,Mumbai,09-01-2024 18:00,09-01-2024 18:43,75.18617181,3.623184646,53.1747828,14.73538709,Evening,Tuesday,17.16005127,64.31018702,150.0470024,24.92336832,5,Level 1,Casual Driver,0,18,1,1,0
User_218,TATA Tiago,75,Station_436,Mumbai,10-01-2024 01:00,10-01-2024 02:24,15.27366667,2.865108393,5.37038419,7.629495458,Night,Friday,86.95322411,85.13643915,113.6685009,6.864161791,6,DC Fast Charger,Long-Distance Traveler,0,1,2,1,0
User_226,Punch.EV,50,Station_338,Mumbai,10-01-2024 09:00,10-01-2024 12:43,44.15948701,3.976851392,23.75243532,5.550200361,Morning,Thursday,81.45214551,89.2935832,33.56494023,-5.332773776,7,Level 1,Long-Distance Traveler,0,9,2,1,0
User_228,MG Comet,50,Station_181,Mumbai,10-01-2024 11:00,10-01-2024 14:15,20.46478094,3.64700851,18.59949061,7.674183155,Morning,Wednesday,18.13415171,56.11481332,62.92995606,25.42808821,7,Level 1,Casual Driver,0,11,2,1,0
User_233,TATA Tiago,120.5106328,Station_275,Mumbai,10-01-2024 16:00,10-01-2024 17:12,68.82528251,2.465336096,16.93561005,33.86154813,Afternoon,Monday,70.75160734,55.33183817,139.0348047,-1.966119085,0,Level 1,Commuter,0,16,2,1,0
User_235,Punch.EV,62,Station_492,Mumbai,10-01-2024 18:00,10-01-2024 21:14,22.57288245,2.168491761,41.5266716,9.084707242,Evening,Friday,18.85564766,98.32393365,139.2222178,1.565003654,3,DC Fast Charger,Long-Distance Traveler,0,18,2,1,0
User_252,TATA Tiago,100,Station_263,Mumbai,11-01-2024 11:00,11-01-2024 14:09,22.27571241,2.312877329,18.2090343,24.41374839,Morning,Wednesday,83.64021009,59.25917191,114.5406814,21.74994096,3,DC Fast Charger,Long-Distance Traveler,0,11,3,1,0
User_254,TATA Curvv,75,Station_302,Mumbai,11-01-2024 13:00,11-01-2024 16:19,61.11752874,2.710755713,28.40157855,20.04094214,Night,Sunday,28.7158913,52.96116986,172.6673988,-3.133508581,1,Level 2,Long-Distance Traveler,0,13,3,1,0
User_268,Punch.EV,75,Station_442,Mumbai,12-01-2024 03:00,12-01-2024 05:00,36.5318794,2.651650861,5.092837674,32.23995282,Evening,Sunday,80.02092861,75.52594739,97.72575854,11.30164247,7,DC Fast Charger,Long-Distance Traveler,0,3,4,1,0
User_274,TATA Tiago,50,Station_400,Mumbai,12-01-2024 09:00,12-01-2024 11:38,47.90409794,1.161237734,22.06190557,35.04175348,Night,Thursday,48.97534202,75.49040404,32.2376168,-2.996197815,5,Level 1,Commuter,0,9,4,1,0
User_277,Hyundai Kona,100,Station_71,Mumbai,12-01-2024 12:00,12-01-2024 13:22,79.00225971,3.893154871,26.97742286,11.28750438,Night,Friday,22.53375157,93.2978301,39.74600723,7.684356808,3,Level 2,Commuter,0,12,4,1,0
User_287,TATA Tiago,75,Station_121,Mumbai,12-01-2024 22:00,13-01-2024 01:53,51.62169093,1.303555581,43.16138737,28.15164637,Afternoon,Monday,22.78747904,58.66249439,185.9521521,7.936964701,7,Level 1,Casual Driver,0,22,4,1,0
User_290,TATA Tiago,75,Station_63,Mumbai,13-01-2024 01:00,13-01-2024 04:16,70.62045542,0.637026905,18.33554746,14.73821179,Morning,Saturday,25.72347164,99.5858146,188.4637916,-4.842996855,2,Level 1,Commuter,0,1,5,1,1
User_292,Punch.EV,75,Station_436,Mumbai,13-01-2024 03:00,13-01-2024 05:43,32.52486105,2.287496504,31.55315617,10.0360231,Evening,Thursday,23.42576753,83.74262074,294.0582588,25.92667701,2,DC Fast Charger,Long-Distance Traveler,0,3,5,1,1
User_293,Punch.EV,100,Station_68,Mumbai,13-01-2024 04:00,13-01-2024 05:17,78.3990561,0.531884804,29.75315871,34.30110996,Night,Sunday,49.66021029,83.24626253,119.7886479,-9.296045391,1,Level 1,Commuter,0,4,5,1,1
User_299,TATA Tiago,75,Station_108,Mumbai,13-01-2024 10:00,13-01-2024 12:38,23.99396127,3.26954211,32.93397056,20.65067387,Evening,Tuesday,87.85226345,75.36398823,205.1702417,5.918020657,5,Level 2,Long-Distance Traveler,0,10,5,1,1
User_305,TATA Curvv,100,Station_417,Mumbai,13-01-2024 16:00,13-01-2024 19:41,23.54038392,2.592597277,3.508161487,23.22008781,Evening,Thursday,17.17061425,39.31920167,192.8568913,14.53864932,4,Level 2,Casual Driver,0,16,5,1,1
User_308,TATA Tiago,85,Station_216,Mumbai,13-01-2024 19:00,13-01-2024 22:38,46.45478115,3.936570537,42.8384828,5.06404815,Morning,Tuesday,12.79308917,70.71797257,3.824527427,26.51176747,1.755443935,Level 1,Commuter,0,19,5,1,1
User_310,Hyundai Kona,100,Station_98,Mumbai,13-01-2024 21:00,14-01-2024 00:10,66.17491556,1.590891399,4.096052506,37.05502096,Night,Wednesday,57.51855751,59.21834421,19.84255062,12.62900175,2,DC Fast Charger,Casual Driver,0,21,5,1,1
User_316,MG Comet,50,Station_484,Mumbai,14-01-2024 03:00,14-01-2024 05:16,55.42091221,3.674410026,39.08038685,11.67802099,Morning,Thursday,74.61169024,62.05991728,204.6713676,-9.366179122,1,DC Fast Charger,Commuter,0,3,6,1,1
User_331,TATA Curvv,85,Station_276,Mumbai,14-01-2024 18:00,14-01-2024 21:50,14.50345514,2.240834005,37.65992488,11.91083137,Morning,Tuesday,51.14214596,99.98660421,168.0448614,12.24739891,3,Level 2,Commuter,0,18,6,1,1
User_335,TATA Tiago,62,Station_183,Mumbai,14-01-2024 22:00,15-01-2024 00:47,103.8126056,3.525445469,16.59138267,17.66922823,Night,Friday,52.79679327,89.35179211,99.94100542,8.330158356,3.100169235,Level 2,Casual Driver,0,22,6,1,1
User_338,TATA Tiago,62,Station_322,Mumbai,15-01-2024 01:00,15-01-2024 02:54,62.19283346,0.555210364,20.45251231,19.47699463,Morning,Saturday,24.3852456,88.82972948,277.7232645,14.27625134,4,DC Fast Charger,Long-Distance Traveler,0,1,0,1,0
User_345,MG Comet,85,Station_238,Mumbai,15-01-2024 08:00,15-01-2024 10:14,40.16142185,2.517973872,28.47996213,13.37000579,Evening,Wednesday,35.04453498,94.56359194,93.9952317,13.35438717,2,DC Fast Charger,Casual Driver,0,8,0,1,0
User_346,MG Comet,62,Station_134,Mumbai,15-01-2024 09:00,15-01-2024 11:59,42.51736092,0.929764657,39.91263736,7.234439777,Morning,Saturday,88.94643474,63.74334492,191.0776829,10.33319646,4,Level 2,Casual Driver,0,9,0,1,0
User_356,TATA Curvv,75,Station_222,Mumbai,15-01-2024 19:00,15-01-2024 22:11,10.45065783,1.428296234,39.8938261,32.560979,Afternoon,Wednesday,82.76444286,60.77776335,85.92100725,20.63494735,0,Level 2,Long-Distance Traveler,0,19,0,1,0
User_357,TATA Tiago,100,Station_373,Mumbai,15-01-2024 20:00,15-01-2024 23:40,30.805662,1.037860072,18.97988935,18.35319511,Night,Saturday,60.72720275,61.20655137,155.7144902,29.11438027,5,Level 2,Casual Driver,0,20,0,1,0
User_361,TATA Tiago,77.60847805,Station_480,Mumbai,16-01-2024 00:00,16-01-2024 01:18,73.09045077,1.754047947,30.38880381,9.595163794,Morning,Tuesday,29.66650146,99.85685077,227.7259802,2.594249726,7,DC Fast Charger,Casual Driver,0,0,1,1,0
User_362,TATA Tiago,75,Station_48,Mumbai,16-01-2024 01:00,16-01-2024 02:20,26.99234408,3.548983526,46.58137118,36.50047332,Morning,Monday,23.69485787,56.10531021,237.5110205,25.10961225,1,Level 2,Commuter,0,1,1,1,0
User_374,TATA Curvv,75,Station_11,Mumbai,16-01-2024 13:00,16-01-2024 14:48,52.90446367,1.546956035,15.57205559,18.54288394,Night,Saturday,89.8386107,97.49538047,36.7436948,32.57385369,3,Level 2,Long-Distance Traveler,0,13,1,1,0
User_382,Hyundai Kona,75,Station_293,Mumbai,16-01-2024 21:00,17-01-2024 00:39,43.4665651,3.61707816,23.22301592,17.85819103,Evening,Friday,70.60042408,89.35441576,71.32019243,33.1090396,4,Level 2,Long-Distance Traveler,0,21,1,1,0
User_387,MG Comet,50,Station_454,Mumbai,17-01-2024 02:00,17-01-2024 04:13,54.88401336,1.886770506,6.985136805,6.555981505,Night,Saturday,64.28041815,82.38389625,127.0713209,30.59387793,2.817901717,Level 1,Commuter,0,2,2,1,0
User_391,Punch.EV,75,Station_328,Mumbai,17-01-2024 06:00,17-01-2024 08:36,36.04757739,1.64577996,49.85189639,7.461577394,Evening,Tuesday,46.32842586,52.15170917,57.6589438,6.876897282,4,Level 2,Casual Driver,0,6,2,1,0
User_392,Hyundai Kona,62,Station_149,Mumbai,17-01-2024 07:00,17-01-2024 08:51,31.73575031,1.961957618,11.12987276,11.73930094,Evening,Wednesday,58.96875275,81.66823961,87.27410522,-9.56906362,3,Level 1,Casual Driver,0,7,2,1,0
User_393,Hyundai Kona,85,Station_377,Mumbai,17-01-2024 08:00,17-01-2024 08:39,64.53824697,3.970999801,17.56016007,32.97335649,Evening,Tuesday,17.18963766,57.13538346,258.3785312,12.32638948,7,Level 2,Commuter,0,8,2,1,0
User_400,MG Comet,75,Station_35,Mumbai,17-01-2024 15:00,17-01-2024 16:34,69.44996148,1.066206747,49.41673269,15.30724503,Morning,Thursday,27.56248159,63.29227669,150.1118468,37.89907159,7,Level 1,Casual Driver,0,15,2,1,0
User_404,Hyundai Kona,62,Station_266,Mumbai,17-01-2024 19:00,17-01-2024 20:30,79.46231191,2.895348986,25.41252017,18.27246951,Evening,Wednesday,28.46123084,49.09641538,48.23161874,32.53882053,3,DC Fast Charger,Long-Distance Traveler,0,19,2,1,0
User_412,MG Comet,50,Station_10,Mumbai,18-01-2024 03:00,18-01-2024 06:25,27.04710323,1.109637723,4.521631542,33.45756611,Afternoon,Monday,52.03296568,105.6169219,58.72601728,20.56538827,3,DC Fast Charger,Commuter,0,3,3,1,0
User_417,MG Comet,100,Station_446,Mumbai,18-01-2024 08:00,18-01-2024 11:31,5.650181738,0.639951451,11.66743821,25.63010191,Morning,Saturday,58.40045758,65.01799109,83.26552536,23.05944663,6,DC Fast Charger,Casual Driver,0,8,3,1,0
User_423,MG Comet,69.44504561,Station_4,Mumbai,18-01-2024 14:00,18-01-2024 15:49,72.71574853,0.682132432,32.25343212,28.11946156,Afternoon,Monday,28.89851962,57.73534409,151.6213286,4.485795959,2,DC Fast Charger,Commuter,0,14,3,1,0
User_424,MG Comet,85,Station_426,Mumbai,18-01-2024 15:00,18-01-2024 15:44,61.9271036,0.798403786,25.27459826,27.12255887,Morning,Wednesday,73.65740812,93.02610697,,7.685197905,3,DC Fast Charger,Commuter,0,15,3,1,0
User_432,Punch.EV,62,Station_338,Mumbai,18-01-2024 23:00,19-01-2024 01:50,33.39817876,2.455006976,14.42092922,15.41312073,Morning,Tuesday,23.34413923,68.13930115,23.10688272,27.28334186,2,DC Fast Charger,Long-Distance Traveler,0,23,3,1,0
User_434,TATA Curvv,50,Station_19,Mumbai,19-01-2024 01:00,19-01-2024 03:48,74.54048486,3.591079873,16.93586894,28.37468743,Evening,Saturday,51.81491129,76.07639193,31.4384172,10.74680105,2,Level 2,Casual Driver,0,1,4,1,0
User_438,TATA Curvv,100,Station_330,Mumbai,19-01-2024 05:00,19-01-2024 06:30,76.49931987,3.007714522,37.44551098,31.94888427,Evening,Thursday,24.87475156,58.71010168,59.59145483,45.75334767,2,Level 2,Commuter,0,5,4,1,0
User_452,TATA Tiago,85,Station_250,Mumbai,19-01-2024 19:00,19-01-2024 19:59,63.83060875,2.45865252,38.13906947,6.759900462,Evening,Thursday,11.08354591,74.40527959,295.9873021,13.91915988,2.044744282,Level 2,Casual Driver,0,19,4,1,0
User_456,MG Comet,62,Station_228,Mumbai,19-01-2024 23:00,20-01-2024 00:17,65.18392769,2.408337112,38.57770533,33.18646283,Night,Saturday,17.72971756,82.7913617,254.2166124,17.14920107,1,Level 1,Commuter,0,23,4,1,0
User_460,TATA Curvv,75,Station_112,Mumbai,20-01-2024 03:00,20-01-2024 05:38,21.03051965,2.844416686,8.332992518,8.848458662,Night,Saturday,16.00498511,70.4098916,157.6764292,35.80057736,2.081759465,DC Fast Charger,Commuter,0,3,5,1,1
User_469,Punch.EV,39.29742253,Station_438,Mumbai,20-01-2024 12:00,20-01-2024 15:51,21.0022301,1.863435975,26.23272288,33.58178282,Night,Friday,32.2755592,58.86833854,216.6864603,37.19955857,7,Level 2,Commuter,0,12,5,1,1
User_478,Punch.EV,75,Station_20,Mumbai,20-01-2024 21:00,21-01-2024 00:43,34.80201788,0.852049798,16.59673018,28.32797875,Night,Wednesday,64.52432585,57.79820096,,14.22429415,2,DC Fast Charger,Casual Driver,0,21,5,1,1
User_483,MG Comet,75,Station_129,Mumbai,21-01-2024 02:00,21-01-2024 02:30,41.95057477,1.020998814,39.2570047,21.59769815,Evening,Monday,89.07810182,96.16384199,44.22582188,11.05077489,7,DC Fast Charger,Commuter,0,2,6,1,1
User_488,TATA Curvv,62,Station_189,Mumbai,21-01-2024 07:00,21-01-2024 07:44,11.48343149,3.621537943,21.47990189,13.02678002,Night,Friday,35.53501681,91.07521077,267.4012631,-9.305817015,0,DC Fast Charger,Long-Distance Traveler,0,7,6,1,1
User_491,Punch.EV,85,Station_44,Mumbai,21-01-2024 10:00,21-01-2024 10:37,15.25417073,3.308464005,6.762530034,1.640802843,Evening,Thursday,42.74181829,88.23131388,263.8277791,-2.25831715,5.166465086,Level 1,Commuter,0,10,6,1,1
User_492,Hyundai Kona,85,Station_330,Mumbai,21-01-2024 11:00,21-01-2024 12:43,45.0685333,1.712579576,41.03311514,7.398448665,Night,Sunday,51.66193909,92.05776183,76.48391316,37.01416735,6,Level 1,Long-Distance Traveler,0,11,6,1,1
User_495,Hyundai Kona,75,Station_378,Mumbai,21-01-2024 14:00,21-01-2024 16:23,64.87047474,3.233908962,38.98816937,5.19759077,Night,Tuesday,26.65071179,56.3647707,90.1348094,27.33409428,4,Level 1,Casual Driver,0,14,6,1,1
User_496,Punch.EV,50,Station_390,Mumbai,21-01-2024 15:00,21-01-2024 17:56,25.13233553,1.899860257,16.20549351,32.61585547,Night,Monday,25.68434812,94.52863671,127.4300174,40.25549686,4,Level 1,Commuter,0,15,6,1,1
User_504,TATA Curvv,85,Station_120,Mumbai,21-01-2024 23:00,21-01-2024 23:50,67.45124177,0.849602113,45.01922284,28.34227905,Evening,Friday,36.06774243,61.52733401,277.4891719,20.70521874,0,DC Fast Charger,Casual Driver,0,23,6,1,1
User_506,Punch.EV,75,Station_405,Mumbai,22-01-2024 01:00,22-01-2024 02:26,21.81937874,1.989251571,,34.25780158,Evening,Monday,77.21863836,96.77280778,199.5727452,38.08420738,7,Level 1,Casual Driver,0,1,0,1,0
User_521,TATA Tiago,85,Station_352,Mumbai,22-01-2024 16:00,22-01-2024 17:47,60.12372287,2.969014435,30.65934381,19.6272772,Night,Friday,30.09851055,86.7579399,205.5531188,34.63224699,6,DC Fast Charger,Long-Distance Traveler,0,16,0,1,0
User_529,Hyundai Kona,62,Station_426,Mumbai,23-01-2024 00:00,23-01-2024 03:28,28.57887808,0.977279788,18.89050926,36.55775619,Afternoon,Wednesday,25.48787822,91.4661195,268.4562979,17.67509365,3,DC Fast Charger,Long-Distance Traveler,0,0,1,1,0
User_530,Hyundai Kona,62,Station_32,Mumbai,23-01-2024 01:00,23-01-2024 02:39,21.13404478,3.898518143,32.2920457,10.72715124,Night,Sunday,44.71421516,79.20117924,72.35376169,-1.212120196,5,Level 2,Long-Distance Traveler,0,1,1,1,0
User_533,MG Comet,50,Station_25,Mumbai,23-01-2024 04:00,23-01-2024 07:57,79.39006382,2.714307816,19.13778917,21.85267826,Morning,Saturday,63.91237042,87.44451137,,14.46130434,4,Level 2,Commuter,0,4,1,1,0
User_539,MG Comet,85,Station_232,Mumbai,23-01-2024 10:00,23-01-2024 13:48,43.4665651,4.141746359,34.69206917,32.2061168,Morning,Thursday,49.71687028,75.84852337,,-8.771230053,2,Level 2,Casual Driver,0,10,1,1,0
User_555,Hyundai Kona,85,Station_84,Mumbai,24-01-2024 02:00,24-01-2024 03:42,64.60983161,1.226894334,3.991359551,37.08082729,Morning,Wednesday,21.98287037,72.93984362,116.177119,17.10924053,4,Level 1,Long-Distance Traveler,0,2,2,1,0
User_560,TATA Tiago,62,Station_402,Mumbai,24-01-2024 07:00,24-01-2024 10:54,34.38288065,2.520933069,6.558201297,22.8763766,Night,Sunday,51.16789791,88.32990473,108.5921419,-9.825102182,7,Level 1,Long-Distance Traveler,0,7,2,1,0
User_564,TATA Tiago,75,Station_72,Mumbai,24-01-2024 11:00,24-01-2024 14:31,37.42669941,2.353524458,16.98014038,5.466831569,Afternoon,Tuesday,94.43594757,90.5370852,136.959135,15.35617755,6,Level 1,Casual Driver,0,11,2,1,0
User_567,TATA Curvv,85,Station_172,Mumbai,24-01-2024 14:00,24-01-2024 15:10,75.62248861,1.747279577,16.79147373,30.05461855,Morning,Sunday,72.63725302,68.33086516,214.7186173,38.10561785,2,DC Fast Charger,Commuter,0,14,2,1,0
User_570,TATA Curvv,75,Station_343,Mumbai,24-01-2024 17:00,24-01-2024 19:05,66.85109294,2.587561871,20.27113939,38.77129432,Evening,Tuesday,24.35122821,61.21435182,297.8937853,35.22549699,4,DC Fast Charger,Long-Distance Traveler,0,17,2,1,0
User_571,MG Comet,62,Station_436,Mumbai,24-01-2024 18:00,24-01-2024 21:31,32.34799933,3.914681797,15.17023592,16.52347117,Morning,Sunday,71.05173681,83.00801294,254.0436445,11.65767977,1,DC Fast Charger,Casual Driver,0,18,2,1,0
User_576,Hyundai Kona,100,Station_218,Mumbai,24-01-2024 23:00,25-01-2024 01:14,10.24188589,0.563698573,21.4576929,15.08908219,Evening,Monday,30.14072124,85.00767894,61.68334147,16.33993683,2,Level 2,Long-Distance Traveler,0,23,2,1,0
User_589,TATA Tiago,62,Station_275,Mumbai,25-01-2024 12:00,25-01-2024 13:14,71.97510218,1.057536324,23.65002521,32.02073545,Morning,Monday,63.10375471,63.99918589,103.9155588,21.52620216,5,Level 2,Commuter,0,12,3,1,0
User_594,MG Comet,62,Station_208,Mumbai,25-01-2024 17:00,25-01-2024 18:44,75.40700954,3.15448654,17.72970872,9.081870691,Evening,Sunday,32.02965793,101.6052792,93.79222805,12.4570578,0,Level 2,Commuter,0,17,3,1,0
User_599,Hyundai Kona,85,Station_309,Mumbai,25-01-2024 22:00,25-01-2024 22:49,28.27985715,2.693719409,13.22697476,24.96372469,Evening,Tuesday,62.57412042,88.35855053,190.684355,12.38716533,0,Level 2,Commuter,0,22,3,1,0
User_602,TATA Tiago,50,Station_57,Mumbai,26-01-2024 01:00,26-01-2024 04:26,21.42275953,0.734879615,9.189077429,28.07289558,Afternoon,Monday,86.4947654,52.98111186,74.38130925,12.04385004,7,DC Fast Charger,Commuter,0,1,4,1,0
User_609,MG Comet,50,Station_339,Mumbai,26-01-2024 08:00,26-01-2024 10:37,22.01644361,1.269157599,41.19625064,35.94010098,Morning,Monday,23.66561092,74.89872942,236.573561,11.54438093,0,Level 1,Casual Driver,0,8,4,1,0
User_618,MG Comet,85,Station_76,Mumbai,26-01-2024 17:00,26-01-2024 20:44,49.73870005,2.015517255,32.86836958,19.58495549,Night,Wednesday,85.72764732,52.82854415,272.1851201,7.812917021,6,DC Fast Charger,Commuter,0,17,4,1,0
User_620,TATA Tiago,100,Station_459,Mumbai,26-01-2024 19:00,26-01-2024 22:58,44.95337165,1.592375622,34.04003944,26.37865051,Night,Saturday,66.85003619,61.31395763,232.2448941,22.59449152,5,Level 1,Casual Driver,0,19,4,1,0
User_622,MG Comet,62,Station_156,Mumbai,26-01-2024 21:00,26-01-2024 23:51,44.06215479,2.714331888,12.63772843,5.449246049,Morning,Sunday,74.68318534,73.06427881,10.89843061,3.802174549,3,Level 2,Casual Driver,0,21,4,1,0
User_628,MG Comet,75,Station_258,Mumbai,27-01-2024 03:00,27-01-2024 06:14,38.59813941,1.369419618,26.5629522,45.04426936,Evening,Saturday,37.92749853,75.10094365,298.3192215,6.16119138,6,Level 2,Long-Distance Traveler,0,3,5,1,1
User_639,TATA Tiago,62,Station_254,Mumbai,27-01-2024 14:00,27-01-2024 17:04,79.75044564,3.43346384,,12.67489617,Evening,Saturday,19.73375144,69.33144338,187.459457,29.39445354,3,DC Fast Charger,Commuter,0,14,5,1,1
User_640,Hyundai Kona,85,Station_188,Mumbai,27-01-2024 15:00,27-01-2024 18:21,66.89909636,2.769485464,39.32414111,17.09197469,Morning,Tuesday,22.59313605,75.40468289,227.4271614,-4.073387953,6,DC Fast Charger,Commuter,0,15,5,1,1
User_642,Hyundai Kona,50,Station_32,Mumbai,27-01-2024 17:00,27-01-2024 19:11,40.05179662,1.039744909,26.32801687,36.04711966,Morning,Saturday,21.78035695,92.33198159,114.7560839,30.28535776,2,DC Fast Charger,Casual Driver,0,17,5,1,1
User_644,TATA Curvv,62,Station_485,Mumbai,27-01-2024 19:00,27-01-2024 21:03,38.36041213,1.296983426,38.34376389,10.22554197,Night,Tuesday,72.50501027,86.30071772,281.0252124,5.501271669,4,DC Fast Charger,Long-Distance Traveler,0,19,5,1,1
User_645,Hyundai Kona,75,Station_397,Mumbai,27-01-2024 20:00,27-01-2024 23:21,6.337534265,0.941406248,4.315961671,12.54793256,Morning,Wednesday,44.29225743,55.5236463,170.9205524,26.7089408,4,Level 1,Long-Distance Traveler,0,20,5,1,1
User_646,MG Comet,100,Station_5,Mumbai,27-01-2024 21:00,27-01-2024 22:17,6.97877135,2.891860216,35.78892354,23.11595887,Morning,Tuesday,23.83153159,78.77996734,76.95159408,27.35537043,6,DC Fast Charger,Casual Driver,0,21,5,1,1
User_648,Hyundai Kona,50,Station_330,Mumbai,27-01-2024 23:00,28-01-2024 02:29,62.42036137,2.50003528,29.9083034,8.075374255,Night,Thursday,119.0511075,50.38374048,263.5031195,23.66715836,0,DC Fast Charger,Casual Driver,0,23,5,1,1
User_661,Hyundai Kona,75,Station_412,Mumbai,28-01-2024 12:00,28-01-2024 14:11,23.8368801,2.853649233,12.32951236,36.23594104,Night,Sunday,63.19883628,73.81270846,192.322695,29.02876366,2.82548197,Level 1,Commuter,0,12,6,1,1
User_662,MG Comet,47.65326138,Station_416,Mumbai,28-01-2024 13:00,28-01-2024 15:15,29.34959504,2.559701573,30.32389572,13.5072117,Morning,Tuesday,72.60499922,22.27521585,95.26844556,36.69341868,1,Level 1,Commuter,0,13,6,1,1
User_670,Punch.EV,50,Station_65,Mumbai,28-01-2024 21:00,28-01-2024 22:46,69.71594631,3.783098446,10.06309377,37.11929537,Evening,Saturday,20.4323108,79.5199883,205.7699162,-4.478051973,4,DC Fast Charger,Long-Distance Traveler,0,21,6,1,1
User_672,Punch.EV,50,Station_11,Mumbai,28-01-2024 23:00,28-01-2024 23:57,69.42235104,1.937366869,9.889820742,10.83495891,Evening,Monday,29.13398079,99.88715307,74.04370796,37.26821495,5,DC Fast Charger,Casual Driver,0,23,6,1,1
User_676,Hyundai Kona,105.5549669,Station_421,Mumbai,29-01-2024 03:00,29-01-2024 06:54,48.50288659,3.256956589,43.60970746,13.98407365,Night,Monday,28.20893507,64.31222001,94.94198698,23.8877427,4,Level 2,Casual Driver,0,3,0,1,0
User_678,TATA Curvv,75,Station_221,Mumbai,29-01-2024 05:00,29-01-2024 08:50,45.4711888,2.957746789,48.01145593,7.388725699,Morning,Sunday,56.83137688,89.62384239,289.7879844,26.50442557,6,Level 1,Commuter,0,5,0,1,0
User_686,Punch.EV,75,Station_424,Mumbai,29-01-2024 13:00,29-01-2024 15:54,51.20692409,1.288106025,9.977877022,24.57716644,Afternoon,Wednesday,67.38758549,59.75759843,178.1150993,12.32250456,5,Level 2,Commuter,0,13,0,1,0
User_687,Hyundai Kona,101.1029879,Station_461,Mumbai,29-01-2024 14:00,29-01-2024 17:01,7.275443511,2.690603255,21.06032431,34.65404091,Night,Saturday,12.88478096,72.45174831,66.8002714,26.95365853,0,Level 2,Commuter,0,14,0,1,0
User_694,Punch.EV,85,Station_68,Mumbai,29-01-2024 21:00,29-01-2024 23:53,47.19744469,1.551271282,23.43002275,9.988472791,Night,Friday,74.87748788,94.07356949,278.9265238,28.41994109,7,Level 1,Casual Driver,0,21,0,1,0
User_700,MG Comet,62,Station_409,Mumbai,30-01-2024 03:00,30-01-2024 05:34,24.40113304,1.478023096,31.11524448,24.13463552,Afternoon,Tuesday,65.98351537,51.25486777,32.03949076,23.59028973,0,Level 1,Long-Distance Traveler,0,3,1,1,0
User_708,TATA Curvv,193.0030739,Station_220,Mumbai,30-01-2024 11:00,30-01-2024 12:32,42.74479257,1.180162501,40.2059876,14.25574828,Evening,Saturday,19.56303216,67.79633548,119.4883558,-4.172668306,4,Level 2,Casual Driver,0,11,1,1,0
User_713,MG Comet,75,Station_244,Mumbai,30-01-2024 16:00,30-01-2024 16:59,45.90925215,0.708738546,26.3121504,11.23449778,Night,Tuesday,40.71611726,97.28846478,194.2513955,28.40385151,5,Level 2,Commuter,0,16,1,1,0
User_714,TATA Curvv,75,Station_182,Mumbai,30-01-2024 17:00,30-01-2024 20:36,8.115370261,1.978147577,,26.84686353,Evening,Saturday,22.18992507,99.62809793,223.4058067,33.69115081,0,DC Fast Charger,Long-Distance Traveler,0,17,1,1,0
User_718,MG Comet,50,Station_197,Mumbai,30-01-2024 21:00,30-01-2024 23:01,21.30857255,3.735302162,28.04359239,39.92534587,Night,Tuesday,78.29829104,91.7160356,198.7338106,-5.46532879,1,DC Fast Charger,Casual Driver,0,21,1,1,0
User_724,TATA Tiago,50,Station_106,Mumbai,31-01-2024 03:00,31-01-2024 06:56,55.30273056,2.544566059,37.34746081,24.08202573,Morning,Thursday,71.91664638,88.37524194,106.9396474,30.18843916,1,Level 2,Commuter,0,3,2,1,0
User_727,TATA Tiago,7.714516854,Station_58,Mumbai,31-01-2024 06:00,31-01-2024 07:15,36.22941276,1.885689028,11.09306321,31.09005934,Evening,Monday,43.35667392,91.94031675,144.450372,17.39682581,1,Level 2,Casual Driver,0,6,2,1,0
User_728,MG Comet,62,Station_78,Mumbai,31-01-2024 07:00,31-01-2024 08:33,12.35040612,1.499556879,44.04764539,24.30929724,Night,Wednesday,47.07173173,68.83315695,,15.00986729,4,DC Fast Charger,Long-Distance Traveler,0,7,2,1,0
User_734,MG Comet,75,Station_33,Mumbai,31-01-2024 13:00,31-01-2024 16:39,68.24465321,3.375570509,49.3612511,33.36036097,Evening,Wednesday,57.9079949,88.30938417,276.392588,14.82620373,2,Level 1,Long-Distance Traveler,0,13,2,1,0
User_739,TATA Tiago,100,Station_101,Mumbai,31-01-2024 18:00,31-01-2024 19:52,6.065161713,3.597765519,46.62351209,16.17803141,Morning,Sunday,19.64689729,71.19100274,92.40439693,27.29212704,3.697095409,DC Fast Charger,Long-Distance Traveler,0,18,2,1,0
User_746,TATA Curvv,62,Station_166,Mumbai,01-02-2024 01:00,01-02-2024 02:15,41.7666481,4.592690577,21.83372403,36.70441022,Afternoon,Friday,42.35837562,51.49172571,14.5924432,38.8126892,6,Level 1,Casual Driver,0,1,3,2,0
User_750,TATA Curvv,81.36841583,Station_83,Mumbai,01-02-2024 05:00,01-02-2024 06:56,57.97765789,2.859080313,6.499187935,14.33823364,Evening,Thursday,58.308685,63.86610505,114.8832958,7.636850332,5,DC Fast Charger,Long-Distance Traveler,0,5,3,2,0
User_751,TATA Tiago,75,Station_182,Mumbai,01-02-2024 06:00,01-02-2024 08:42,74.10752218,2.224661484,45.69740275,14.75800919,Evening,Wednesday,72.90390529,51.69102216,177.2088872,3.262503248,3,Level 2,Casual Driver,0,6,3,2,0
User_758,MG Comet,50,Station_336,Mumbai,01-02-2024 13:00,01-02-2024 15:25,64.37713244,2.314860017,15.2565692,8.811798669,Afternoon,Monday,15.58695625,98.80776451,199.7584008,25.40739976,3,Level 2,Long-Distance Traveler,0,13,3,2,0
User_770,Punch.EV,75,Station_309,Mumbai,02-02-2024 01:00,02-02-2024 02:51,15.5583755,0.755443089,44.45073085,28.83648567,Morning,Monday,83.20214245,61.22134406,243.8284444,25.90015483,1,Level 2,Casual Driver,0,1,4,2,0
User_771,Hyundai Kona,50,Station_146,Mumbai,02-02-2024 02:00,02-02-2024 03:36,40.7367048,2.534525414,9.866759209,36.57452173,Night,Friday,33.92648682,67.6953312,119.0969189,13.54692893,0,DC Fast Charger,Long-Distance Traveler,0,2,4,2,0
User_776,Punch.EV,62,Station_226,Mumbai,02-02-2024 07:00,02-02-2024 08:26,20.51871405,3.646583045,27.17353746,13.37200144,Afternoon,Tuesday,83.5904818,159.9889032,286.4400099,22.47968921,5,Level 1,Long-Distance Traveler,0,7,4,2,0
User_777,MG Comet,62,Station_105,Mumbai,02-02-2024 08:00,02-02-2024 08:56,13.58796474,3.517065237,40.81172935,37.89794296,Night,Monday,67.80447255,58.52581793,103.5211928,4.533623094,7,DC Fast Charger,Commuter,0,8,4,2,0
User_779,TATA Curvv,50,Station_260,Mumbai,02-02-2024 10:00,02-02-2024 12:22,73.37136541,3.022632764,45.50795122,11.86812162,Afternoon,Wednesday,62.52618043,62.34091279,180.4524866,7.723424435,4,Level 1,Commuter,0,10,4,2,0
User_785,Hyundai Kona,75,Station_207,Mumbai,02-02-2024 16:00,02-02-2024 18:02,43.4665651,1.774553694,29.83758581,36.8859008,Afternoon,Wednesday,41.49585704,54.94247646,38.0224883,5.459169955,6,Level 2,Commuter,0,16,4,2,0
User_790,Punch.EV,85,Station_116,Mumbai,02-02-2024 21:00,02-02-2024 22:45,43.25451714,3.210764372,19.27803572,13.3747112,Night,Tuesday,16.42986703,85.24212847,156.1962255,27.81755697,1,Level 1,Commuter,0,21,4,2,0
User_797,Hyundai Kona,62,Station_218,Mumbai,03-02-2024 04:00,03-02-2024 05:10,10.24188589,1.394747103,29.21621369,34.65331381,Evening,Sunday,14.96166964,70.51180081,295.9150269,18.15385475,3,DC Fast Charger,Commuter,0,4,5,2,1
User_805,MG Comet,75,Station_170,Mumbai,03-02-2024 12:00,03-02-2024 12:42,8.918418778,1.556936696,16.24196336,8.640023654,Night,Thursday,16.990405,55.82664103,15.21342604,9.113968186,1.208633083,Level 1,Long-Distance Traveler,0,12,5,2,1
User_815,MG Comet,75,Station_433,Mumbai,03-02-2024 22:00,04-02-2024 00:55,27.00471086,3.441490898,46.41136085,38.52706304,Morning,Sunday,88.18011162,61.43525686,298.8701857,8.774037215,2,DC Fast Charger,Casual Driver,0,22,5,2,1
User_816,TATA Tiago,50,Station_59,Mumbai,03-02-2024 23:00,04-02-2024 02:40,6.661747206,4.110062624,10.89013108,30.89770569,Evening,Monday,83.28204155,65.0062464,,20.51545592,6,Level 2,Commuter,0,23,5,2,1
User_817,Punch.EV,100,Station_457,Mumbai,04-02-2024 00:00,04-02-2024 01:20,53.64842443,3.408542212,47.29035525,14.66503914,Evening,Saturday,21.45527057,98.16391585,292.8722924,12.02562263,2,DC Fast Charger,Commuter,0,0,6,2,1
User_834,Punch.EV,105.2870677,Station_299,Mumbai,04-02-2024 17:00,04-02-2024 19:09,43.4665651,1.851463574,8.126977133,37.22043017,Evening,Thursday,45.28332178,15.71797517,276.5598512,-0.269334466,6,DC Fast Charger,Long-Distance Traveler,0,17,6,2,1
User_836,TATA Tiago,140.7620616,Station_439,Mumbai,04-02-2024 19:00,04-02-2024 21:18,60.08034819,2.078305128,46.15424524,17.11106784,Night,Tuesday,37.69074851,93.80110629,221.8967779,-10.72476975,6,DC Fast Charger,Long-Distance Traveler,0,19,6,2,1
User_847,TATA Tiago,75,Station_452,Mumbai,05-02-2024 06:00,05-02-2024 08:58,61.56734925,3.710275408,41.31627182,8.42112691,Evening,Saturday,17.25267949,58.87841174,279.5167461,-2.209581899,1,Level 1,Long-Distance Traveler,0,6,0,2,0
User_851,TATA Curvv,62,Station_492,Mumbai,05-02-2024 10:00,05-02-2024 13:50,22.57288245,2.96014749,25.29157595,22.22480423,Night,Saturday,51.55000842,74.1444021,49.07601046,24.41179393,0,Level 1,Commuter,0,10,0,2,0
User_855,TATA Tiago,62,Station_214,Mumbai,05-02-2024 14:00,05-02-2024 15:58,51.49234638,3.911579304,35.21951804,21.37952636,Night,Tuesday,62.12237483,81.29379863,32.48464488,-4.123444525,5,Level 1,Long-Distance Traveler,0,14,0,2,0
User_860,TATA Curvv,75,Station_124,Mumbai,05-02-2024 19:00,05-02-2024 19:43,44.76974192,0.640695419,20.59023558,29.60976805,Evening,Saturday,64.11014685,90.55214709,168.5338077,24.25815611,2,Level 2,Commuter,0,19,0,2,0
User_861,Punch.EV,75,Station_305,Mumbai,05-02-2024 20:00,05-02-2024 20:30,38.21376481,1.88862824,35.89219701,22.23454649,Morning,Sunday,88.2564163,73.26212814,239.2910118,3.056173423,6,DC Fast Charger,Long-Distance Traveler,0,20,0,2,0
User_868,Hyundai Kona,75,Station_44,Mumbai,06-02-2024 03:00,06-02-2024 05:14,40.25719688,1.441548759,17.94739459,18.66412193,Afternoon,Friday,28.84132949,85.27530271,61.05376918,31.60235688,6,Level 2,Long-Distance Traveler,0,3,1,2,0
User_869,MG Comet,62,Station_415,Mumbai,06-02-2024 04:00,06-02-2024 06:56,51.20288963,1.447056636,45.19091647,39.19681508,Afternoon,Friday,75.55734012,56.56750424,129.4897567,15.64840423,0,DC Fast Charger,Commuter,0,4,1,2,0
User_882,Hyundai Kona,62,Station_145,Mumbai,06-02-2024 17:00,06-02-2024 18:58,77.45420996,3.308261928,29.41340669,5.691471522,Afternoon,Tuesday,80.65255109,90.08739344,238.8650098,2.24905517,4,Level 1,Long-Distance Traveler,0,17,1,2,0
User_885,Punch.EV,88.86922407,Station_333,Mumbai,06-02-2024 20:00,06-02-2024 21:59,20.17078858,2.450451566,40.42078196,37.25540969,Morning,Sunday,31.5569263,97.82793195,96.25331246,2.844132918,2,DC Fast Charger,Commuter,0,20,1,2,0
User_893,MG Comet,100,Station_356,Mumbai,07-02-2024 04:00,07-02-2024 06:52,39.93276466,2.705918848,49.11660927,20.71656542,Morning,Sunday,43.60824251,54.32016802,327.3930934,8.663582495,5,DC Fast Charger,Commuter,0,4,2,2,0
User_904,TATA Tiago,50,Station_34,Mumbai,07-02-2024 15:00,07-02-2024 17:51,6.268235994,5.673788713,,7.738396235,Night,Friday,65.99350199,140.3830477,151.0798111,25.06874494,1,Level 1,Commuter,0,15,2,2,0
User_910,MG Comet,62,Station_42,Mumbai,07-02-2024 21:00,07-02-2024 22:37,20.84637782,1.499771048,26.57781476,15.76765636,Night,Friday,61.83352377,85.03607837,139.370767,-2.37688629,4,DC Fast Charger,Long-Distance Traveler,0,21,2,2,0
User_918,Punch.EV,50,Station_358,Mumbai,08-02-2024 05:00,08-02-2024 08:09,37.61011503,3.441723779,21.06766867,32.77849499,Night,Saturday,30.60283602,101.9051814,14.91695623,38.34082129,1,DC Fast Charger,Commuter,0,5,3,2,0
User_919,Hyundai Kona,100,Station_475,Mumbai,08-02-2024 06:00,08-02-2024 08:25,38.00957724,2.830236312,6.590228457,7.779103429,Evening,Sunday,48.29442034,98.25239499,233.1699558,-4.148661344,1,DC Fast Charger,Commuter,0,6,3,2,0
User_923,Hyundai Kona,62,Station_405,Mumbai,08-02-2024 10:00,08-02-2024 12:33,10.33664419,3.714289102,,31.68579536,Evening,Saturday,32.98603195,84.16649568,47.53544564,5.194911285,7,DC Fast Charger,Long-Distance Traveler,0,10,3,2,0
User_929,Punch.EV,75,Station_78,Mumbai,08-02-2024 16:00,08-02-2024 16:44,37.11856726,0.563718561,8.690646596,15.12203106,Evening,Monday,39.79613148,91.68222793,18.94150411,-0.542639424,5.404853321,Level 2,Casual Driver,0,16,3,2,0
User_933,MG Comet,50,Station_49,Mumbai,08-02-2024 20:00,08-02-2024 23:37,45.6603132,2.505972271,40.67941804,31.62664157,Evening,Wednesday,67.90524191,65.2365877,168.8140868,22.73954601,6,Level 2,Long-Distance Traveler,0,20,3,2,0
User_941,MG Comet,50,Station_308,Mumbai,09-02-2024 04:00,09-02-2024 07:21,58.74152298,2.91425797,19.94270235,20.60863906,Night,Wednesday,19.42640523,59.51725759,46.37042316,-0.00429831,6,DC Fast Charger,Long-Distance Traveler,0,4,4,2,0
User_951,TATA Tiago,62,Station_141,Mumbai,09-02-2024 14:00,09-02-2024 17:55,33.47231506,3.29858278,43.48176399,33.63724165,Afternoon,Wednesday,76.46236262,81.41249705,27.77005155,8.656254905,6,Level 2,Long-Distance Traveler,0,14,4,2,0
User_960,Punch.EV,100,Station_108,Mumbai,09-02-2024 23:00,10-02-2024 00:27,72.08924277,2.496163492,7.494575511,20.28862372,Night,Friday,22.9005078,94.20825519,87.67871773,3.927031788,4,Level 1,Long-Distance Traveler,0,23,4,2,0
User_973,Hyundai Kona,50,Station_312,Mumbai,10-02-2024 12:00,10-02-2024 14:10,45.81366157,3.444179196,17.3546406,7.400772164,Night,Saturday,68.43411849,86.79517154,235.837826,28.43121149,0,DC Fast Charger,Long-Distance Traveler,0,12,5,2,1
User_979,TATA Curvv,62,Station_182,Mumbai,10-02-2024 18:00,10-02-2024 20:34,75.52338507,3.32691717,24.8909192,10.10258123,Afternoon,Monday,82.5448484,70.70118042,125.5393819,0.5816117,2,DC Fast Charger,Long-Distance Traveler,0,18,5,2,1
User_988,TATA Tiago,100,Station_57,Mumbai,11-02-2024 03:00,11-02-2024 06:28,77.63851677,3.577530943,8.125454971,33.52441776,Morning,Saturday,23.24454737,94.69156133,67.03337523,-3.386293111,7,Level 2,Commuter,0,3,6,2,1
User_993,TATA Tiago,75,Station_193,Mumbai,11-02-2024 08:00,11-02-2024 09:26,53.9569817,3.737052894,17.87474459,14.88744926,Night,Monday,89.97564875,95.03577021,17.09446172,6.800062382,2,Level 2,Long-Distance Traveler,0,8,6,2,1
User_998,Punch.EV,85,Station_227,Mumbai,11-02-2024 13:00,11-02-2024 14:59,46.61987333,1.56278776,7.388686338,16.70682128,Morning,Friday,70.09449292,59.04290083,210.7494444,-0.460756822,5,DC Fast Charger,Long-Distance Traveler,0,13,6,2,1
User_1002,TATA Tiago,50,Station_153,Mumbai,11-02-2024 17:00,11-02-2024 19:12,6.443672289,2.634529418,14.99241844,8.855377385,Night,Tuesday,81.59731029,84.92637815,11.7422215,-4.275305327,7,Level 1,Long-Distance Traveler,0,17,6,2,1
User_1009,TATA Tiago,50,Station_436,Mumbai,12-02-2024 00:00,12-02-2024 01:00,62.04623037,0.922764651,18.56265579,37.5475732,Afternoon,Sunday,88.3912258,77.93392383,43.02786515,-0.966443591,5,DC Fast Charger,Casual Driver,0,0,0,2,0
User_1017,Hyundai Kona,100,Station_471,Mumbai,12-02-2024 08:00,12-02-2024 09:33,71.70850688,5.444091596,38.79607655,37.09584883,Afternoon,Saturday,12.2234232,77.41334734,181.0891261,2.616126227,7,Level 1,Casual Driver,0,8,0,2,0
User_1028,MG Comet,85,Station_211,Mumbai,12-02-2024 19:00,12-02-2024 21:06,44.01595166,1.324310297,38.10527791,32.93537303,Afternoon,Saturday,73.34621767,78.15992983,78.11937778,5.879536154,5,Level 2,Casual Driver,0,19,0,2,0
User_1036,Punch.EV,60.65969098,Station_329,Mumbai,13-02-2024 03:00,13-02-2024 04:47,66.09153403,1.272887206,37.60056306,14.80646804,Evening,Tuesday,42.30136724,70.72631713,167.6635291,9.953924429,1.719888608,Level 2,Casual Driver,0,3,1,2,0
User_1041,TATA Curvv,50,Station_63,Mumbai,13-02-2024 08:00,13-02-2024 10:43,44.88676331,2.041257191,28.9773945,7.093616315,Morning,Tuesday,81.95826164,70.54283762,184.6899633,22.75372165,7,DC Fast Charger,Long-Distance Traveler,0,8,1,2,0
User_1042,MG Comet,100,Station_62,Mumbai,13-02-2024 09:00,13-02-2024 10:42,58.94085857,3.205348493,43.7022121,37.33339445,Night,Saturday,82.3603313,92.03577294,81.18290074,19.45757653,6,Level 2,Long-Distance Traveler,0,9,1,2,0
User_1043,TATA Curvv,109.7951283,Station_100,Mumbai,13-02-2024 10:00,13-02-2024 12:10,10.03981781,1.302941969,,26.59423983,Evening,Monday,35.98360523,70.68328884,81.8210813,35.14516183,2,Level 1,Long-Distance Traveler,0,10,1,2,0
User_1045,TATA Curvv,85,Station_17,Mumbai,13-02-2024 12:00,13-02-2024 15:15,29.75838484,2.155244183,29.38504741,20.06533023,Morning,Sunday,10.81390545,36.54836012,51.2023181,-1.353331502,1,DC Fast Charger,Casual Driver,0,12,1,2,0
User_1046,TATA Curvv,75,Station_325,Mumbai,13-02-2024 13:00,13-02-2024 13:55,69.59647496,2.339041996,14.86068898,38.12949571,Afternoon,Tuesday,60.63891762,73.00925296,288.9795541,73.16958797,6,DC Fast Charger,Long-Distance Traveler,0,13,1,2,0
User_1050,Punch.EV,100,Station_246,Mumbai,13-02-2024 17:00,13-02-2024 20:28,8.234584116,0.90499338,43.81287256,8.682242515,Morning,Sunday,23.35890824,97.66158482,298.7188568,38.56896076,3,Level 2,Commuter,0,17,1,2,0
User_1068,Hyundai Kona,62,Station_196,Mumbai,14-02-2024 11:00,14-02-2024 11:53,40.78700348,3.431847203,11.03185075,22.86464784,Morning,Thursday,68.76134194,55.14615868,159.6155014,-0.658493238,3,Level 1,Long-Distance Traveler,0,11,2,2,0
User_1072,TATA Curvv,82.66681121,Station_325,Mumbai,14-02-2024 15:00,14-02-2024 17:29,18.79049305,1.639131351,38.26182989,39.51619105,Evening,Monday,41.7717522,67.06652609,,-2.736637604,3,Level 2,Long-Distance Traveler,0,15,2,2,0
User_1075,Hyundai Kona,85,Station_57,Mumbai,14-02-2024 18:00,14-02-2024 21:06,34.89511327,1.603396901,4.881436199,33.67501827,Afternoon,Friday,61.53265078,89.00103781,269.88834,-6.428742353,1,Level 1,Casual Driver,0,18,2,2,0
User_1080,MG Comet,78.43167082,Station_286,Mumbai,14-02-2024 23:00,15-02-2024 01:32,38.08536377,1.949003681,1.654937068,15.63165131,Evening,Saturday,11.83050192,97.6297836,135.7109313,-5.9392058,7,Level 1,Long-Distance Traveler,0,23,2,2,0
User_1084,MG Comet,85,Station_279,Mumbai,15-02-2024 03:00,15-02-2024 06:02,68.56767861,1.558203166,16.475471,24.53486846,Afternoon,Saturday,68.27370384,93.5739471,92.04491203,-9.831678296,2,Level 1,Casual Driver,0,3,3,2,0
User_1093,MG Comet,75,Station_408,Mumbai,15-02-2024 12:00,15-02-2024 14:08,59.76831247,3.253943971,35.05498942,39.29790891,Evening,Monday,81.95499699,59.94650611,166.3327651,18.16464336,2,Level 2,Long-Distance Traveler,0,12,3,2,0
User_1094,MG Comet,62,Station_188,Mumbai,15-02-2024 13:00,15-02-2024 13:56,36.70152016,1.872489738,19.12193264,5.555604763,Evening,Sunday,26.34819844,95.16288707,49.55082743,30.28584754,6.454001345,Level 1,Casual Driver,0,13,3,2,0
User_1100,MG Comet,75,Station_76,Mumbai,15-02-2024 19:00,15-02-2024 21:12,15.72955117,3.882674593,38.31515901,19.6337703,Morning,Friday,10.87427192,80.29223804,279.0313759,10.75337783,5,Level 2,Long-Distance Traveler,0,19,3,2,0
User_1101,Hyundai Kona,85,Station_148,Mumbai,15-02-2024 20:00,15-02-2024 22:40,34.07799973,2.364887015,12.59762021,19.57002063,Night,Monday,70.12447702,61.59652123,,5.369915824,1,Level 1,Commuter,0,20,3,2,0
User_1110,TATA Curvv,50,Station_315,Mumbai,16-02-2024 05:00,16-02-2024 06:52,23.19329022,2.007710443,31.98319246,5.811559056,Night,Sunday,72.88118471,86.93554787,181.0498499,17.07536932,7,Level 1,Casual Driver,0,5,4,2,0
User_1114,TATA Curvv,75,Station_380,Mumbai,16-02-2024 09:00,16-02-2024 11:47,9.206012695,2.220907251,47.65616728,19.80559334,Afternoon,Friday,25.18431669,80.23578041,200.8832181,20.77797923,6,Level 2,Commuter,0,9,4,2,0
User_1115,TATA Curvv,100,Station_342,Mumbai,16-02-2024 10:00,16-02-2024 12:11,56.1150925,1.05741593,5.488039505,16.3478361,Morning,Wednesday,22.3498793,80.08848452,81.9684014,36.59253901,7,Level 1,Commuter,0,10,4,2,0
User_1116,TATA Tiago,50,Station_146,Mumbai,16-02-2024 11:00,16-02-2024 12:47,15.89873423,3.165199902,40.44452193,12.06768036,Evening,Saturday,46.21839949,60.72812099,211.552868,-5.068598814,7,Level 1,Long-Distance Traveler,0,11,4,2,0
User_1117,TATA Tiago,85,Station_368,Mumbai,16-02-2024 12:00,16-02-2024 15:26,41.15701391,3.263498398,46.12968887,13.44237938,Morning,Friday,31.46784538,77.45210904,125.7627772,29.4542124,5,Level 2,Casual Driver,0,12,4,2,0
User_1120,MG Comet,62,Station_27,Mumbai,16-02-2024 15:00,16-02-2024 15:59,90.23550358,1.285990167,4.841450613,35.02884819,Afternoon,Saturday,70.55201083,50.51807735,102.7551583,36.3683292,1,Level 1,Long-Distance Traveler,0,15,4,2,0
User_1121,MG Comet,62,Station_220,Mumbai,16-02-2024 16:00,16-02-2024 16:34,18.10247227,1.934688459,41.55273261,37.69680547,Night,Tuesday,33.30088316,99.70093459,51.23943381,1.102630909,3,DC Fast Charger,Casual Driver,0,16,4,2,0
User_1128,Hyundai Kona,62,Station_72,Mumbai,16-02-2024 23:00,17-02-2024 01:18,79.97267191,1.157943552,37.46218915,8.471445141,Morning,Sunday,75.82897475,67.97645022,117.6978933,16.05241314,5,Level 1,Casual Driver,0,23,4,2,0
User_1129,TATA Tiago,50,Station_310,Mumbai,17-02-2024 00:00,17-02-2024 01:09,5.163807088,3.910006446,5.265203285,7.411839346,Night,Monday,32.17142733,56.72395742,45.40059866,-9.824574766,2,DC Fast Charger,Casual Driver,0,0,5,2,1
User_1141,Hyundai Kona,85,Station_200,Mumbai,17-02-2024 12:00,17-02-2024 13:48,45.45344885,1.441090893,28.19404206,39.59705008,Night,Sunday,18.30616688,66.42847642,131.054241,28.51369445,7,DC Fast Charger,Commuter,0,12,5,2,1
User_1144,MG Comet,75,Station_35,Mumbai,17-02-2024 15:00,17-02-2024 17:48,59.16864336,2.765621657,15.22251353,18.81699477,Afternoon,Thursday,50.51010597,68.59776437,156.8102394,29.06368772,1,DC Fast Charger,Long-Distance Traveler,0,15,5,2,1
User_1149,MG Comet,100,Station_158,Mumbai,17-02-2024 20:00,17-02-2024 22:01,77.12500791,1.233524687,39.42909617,29.78525366,Morning,Friday,62.32264056,81.40719887,272.7951713,-3.663579909,1,Level 1,Casual Driver,0,20,5,2,1
User_1150,TATA Tiago,100,Station_4,Mumbai,17-02-2024 21:00,17-02-2024 21:53,8.28243854,1.245288417,11.01799661,27.32656052,Morning,Sunday,76.66998194,62.00647452,216.5024785,-2.64529743,2,DC Fast Charger,Commuter,0,21,5,2,1
User_1170,Hyundai Kona,100,Station_88,Mumbai,18-02-2024 17:00,18-02-2024 20:32,27.70606779,2.85834951,45.32674459,38.03642616,Afternoon,Tuesday,46.48302919,98.62734402,104.8616728,19.02928781,4,Level 1,Commuter,0,17,6,2,1
User_1179,Hyundai Kona,50,Station_108,Mumbai,19-02-2024 02:00,19-02-2024 04:09,5.755524649,2.290446688,39.1270254,34.39969185,Evening,Monday,63.6155687,73.80735045,107.6690443,18.9627122,3,DC Fast Charger,Commuter,0,2,0,2,0
User_1183,Hyundai Kona,100,Station_380,Mumbai,19-02-2024 06:00,19-02-2024 09:14,9.206012695,2.858817714,14.83291702,34.44812381,Morning,Thursday,46.60793046,66.14678806,280.5436854,18.45594163,7,DC Fast Charger,Casual Driver,0,6,0,2,0
User_1187,Punch.EV,75,Station_450,Mumbai,19-02-2024 10:00,19-02-2024 13:56,72.94073166,3.60922982,13.82503559,35.85886985,Night,Friday,44.08631935,61.93725052,19.30831574,38.66696331,6,DC Fast Charger,Casual Driver,0,10,0,2,0
User_1191,Hyundai Kona,50,Station_108,Mumbai,19-02-2024 14:00,19-02-2024 14:33,47.49433927,2.287832255,21.67222574,8.331034986,Afternoon,Saturday,58.68736693,84.96009646,116.6550785,-3.112536169,1,DC Fast Charger,Casual Driver,0,14,0,2,0
User_1203,TATA Curvv,86.71809382,Station_162,Mumbai,20-02-2024 02:00,20-02-2024 04:20,61.63104966,2.942916166,20.39119229,32.96419115,Night,Wednesday,23.35781808,96.40888301,83.91991846,-6.983337242,3,Level 1,Long-Distance Traveler,0,2,1,2,0
User_1217,TATA Curvv,75,Station_357,Mumbai,20-02-2024 16:00,20-02-2024 19:24,77.63234569,3.306874018,11.17901456,10.90638327,Evening,Friday,54.6438593,58.01818478,101.4029122,2.21108395,2,DC Fast Charger,Commuter,0,16,1,2,0
User_1230,Hyundai Kona,54.03223627,Station_145,Mumbai,21-02-2024 05:00,21-02-2024 08:19,21.27074191,3.342356049,40.17685077,12.18615185,Morning,Saturday,23.97110918,90.94302581,75.72756439,31.34685759,6,DC Fast Charger,Commuter,0,5,2,2,0
User_1233,Punch.EV,50,Station_376,Mumbai,21-02-2024 08:00,21-02-2024 09:50,12.89314236,2.141299952,17.34136646,18.14399891,Morning,Wednesday,78.39287123,78.81590749,88.54041811,20.05511243,0,Level 2,Casual Driver,0,8,2,2,0
User_1237,Punch.EV,62,Station_231,Mumbai,21-02-2024 12:00,21-02-2024 14:50,43.4665651,1.281602665,36.60130618,29.7814818,Night,Wednesday,76.9602295,83.75662148,11.76940925,12.23564457,1,Level 1,Commuter,0,12,2,2,0
User_1246,TATA Curvv,50,Station_393,Mumbai,21-02-2024 21:00,22-02-2024 00:10,43.12603812,2.76539079,5.766635774,21.59525254,Morning,Friday,69.61870824,77.39673449,167.617392,31.05761684,2.124835503,Level 2,Commuter,0,21,2,2,0
User_1251,TATA Tiago,62,Station_24,Mumbai,22-02-2024 02:00,22-02-2024 03:26,11.32191413,1.821809688,39.95811626,3.059041507,Morning,Saturday,59.77588685,53.00916603,111.6990822,-0.886886899,5,Level 1,Long-Distance Traveler,0,2,3,2,0
User_1252,TATA Curvv,50,Station_486,Mumbai,22-02-2024 03:00,22-02-2024 06:26,26.58671022,1.724436589,24.45076324,25.20475381,Afternoon,Tuesday,77.97541226,91.45202017,191.3873015,5.320091462,1,Level 1,Long-Distance Traveler,0,3,3,2,0
User_1257,TATA Tiago,75,Station_259,Mumbai,22-02-2024 08:00,22-02-2024 09:25,5.892835164,1.235989774,40.77682699,11.65115779,Afternoon,Saturday,12.90517915,57.54316927,100.990055,16.89229648,1,Level 2,Commuter,0,8,3,2,0
User_1268,Hyundai Kona,100,Station_296,Mumbai,22-02-2024 19:00,22-02-2024 20:18,47.67827375,1.424909572,37.74994618,36.54860154,Night,Monday,75.29020927,67.25319331,268.6951245,27.78096351,0,Level 1,Long-Distance Traveler,0,19,3,2,0
User_1271,Punch.EV,75,Station_302,Mumbai,22-02-2024 22:00,23-02-2024 01:06,61.11752874,0.548377714,37.24649566,15.36736539,Evening,Monday,19.89094139,62.23223391,49.12266004,-2.462733809,4,Level 2,Commuter,0,22,3,2,0
User_1276,MG Comet,62,Station_273,Mumbai,23-02-2024 03:00,23-02-2024 05:54,26.44403312,3.692237458,27.1214299,27.3704371,Morning,Sunday,63.48160387,80.47775508,265.5605629,14.39410549,3,Level 1,Commuter,0,3,4,2,0
User_1277,Punch.EV,100,Station_420,Mumbai,23-02-2024 04:00,23-02-2024 07:37,42.0179595,0.730265847,13.30298668,13.08860586,Afternoon,Wednesday,55.03840485,70.45005705,1.899537885,14.64185295,5,DC Fast Charger,Long-Distance Traveler,0,4,4,2,0
User_1284,MG Comet,50,Station_249,Mumbai,23-02-2024 11:00,23-02-2024 14:37,28.80292498,0.758400248,45.51884431,20.89934494,Night,Friday,73.6868557,81.23277626,22.33272617,-0.257359046,3,DC Fast Charger,Casual Driver,0,11,4,2,0
User_1286,Punch.EV,100,Station_180,Mumbai,23-02-2024 13:00,23-02-2024 16:27,85.03985431,3.708384638,26.7265968,21.84379488,Evening,Sunday,32.36280196,55.98865792,279.866718,22.66992027,7,Level 1,Casual Driver,0,13,4,2,0
User_1287,TATA Curvv,50,Station_66,Mumbai,23-02-2024 14:00,23-02-2024 16:40,47.76784734,2.679451387,32.99434153,30.85952282,Night,Thursday,13.70945351,97.58940532,221.5358281,15.36325798,6,Level 1,Long-Distance Traveler,0,14,4,2,0
User_1288,MG Comet,62,Station_308,Mumbai,23-02-2024 15:00,23-02-2024 16:12,57.45442117,1.121155295,35.73022937,26.41458833,Morning,Sunday,32.34187153,89.61714559,57.28951047,33.49059845,1,Level 2,Casual Driver,0,15,4,2,0
User_1290,Hyundai Kona,50,Station_171,Mumbai,23-02-2024 17:00,23-02-2024 18:19,49.53480946,0.805284486,42.13698966,23.99606518,Night,Sunday,79.74068238,53.90525935,279.4386696,4.52437496,5,DC Fast Charger,Casual Driver,0,17,4,2,0
User_1294,MG Comet,62,Station_107,Mumbai,23-02-2024 21:00,23-02-2024 22:06,8.315805795,0.728101986,11.73724408,20.70425979,Morning,Tuesday,38.55338957,56.84768446,271.5255302,35.82177611,2.928811331,Level 2,Long-Distance Traveler,0,21,4,2,0
User_1295,TATA Curvv,50,Station_439,Mumbai,23-02-2024 22:00,23-02-2024 23:15,10.18500019,3.411449704,29.83066536,18.818112,Evening,Monday,63.63470753,22.88625804,83.87373833,26.52415548,6,Level 1,Commuter,0,22,4,2,0
User_1299,TATA Tiago,85,Station_442,Mumbai,24-02-2024 02:00,24-02-2024 03:49,21.7953825,1.171874032,37.7362187,27.46057477,Night,Saturday,55.13436223,68.54740388,39.03998202,-4.052803771,5,Level 2,Long-Distance Traveler,0,2,5,2,1
User_1304,Hyundai Kona,81.06203029,Station_103,Mumbai,24-02-2024 07:00,24-02-2024 10:41,43.4665651,1.695958327,13.48724207,14.31781179,Morning,Friday,83.09120694,76.50122128,11.25666178,13.73785617,5,Level 1,Long-Distance Traveler,0,7,5,2,1
User_1312,Hyundai Kona,50,Station_13,Mumbai,24-02-2024 15:00,24-02-2024 18:53,74.27670058,2.849151428,25.07354432,38.19400614,Night,Tuesday,41.34406167,50.41234126,194.7935439,7.731967314,3,Level 2,Commuter,0,15,5,2,1
User_1313,MG Comet,75,Station_120,Mumbai,24-02-2024 16:00,24-02-2024 18:54,39.73385255,1.249296291,21.39560578,19.41366508,Morning,Tuesday,55.863615,85.12226222,,24.10895296,0,Level 1,Casual Driver,0,16,5,2,1
